ISO-10303-21;
HEADER;
FILE_NAME('Open CASCADE Shape Model','2026-08-17T16:08:12',('Author'),(
    'Open CASCADE'),'Open CASCADE STEP processor 7.7','Open CASCADE 7.7'
  ,'Unknown');
FILE_DESCRIPTION(('Open CASCADE Model'),'2;1');
FILE_SCHEMA(('AUTOMOTIVE_DESIGN { 1 0 10303 214 1 1 1 1 }'));
ENDSEC;
DATA;
#1 = APPLICATION_PROTOCOL_DEFINITION('international standard',
  'automotive_design',2000,#2);
#2 = APPLICATION_CONTEXT(
  'core data for automotive mechanical design processes');
#3 = SHAPE_DEFINITION_REPRESENTATION(#4,#10);
#4 = PRODUCT_DEFINITION_SHAPE('','',#5);
#5 = PRODUCT_DEFINITION('design','',#6,#9);
#6 = PRODUCT_DEFINITION_FORMATION('','',#7);
#7 = PRODUCT('Open CASCADE STEP translator 7.7 1',
  'Open CASCADE STEP translator 7.7 1','',(#8));
#8 = PRODUCT_CONTEXT('',#2,'mechanical');
#9 = PRODUCT_DEFINITION_CONTEXT('part definition',#2,'design');
#10 = ADVANCED_BREP_SHAPE_REPRESENTATION('',(#11,#15),#2187);
#11 = AXIS2_PLACEMENT_3D('',#12,#13,#14);
#12 = CARTESIAN_POINT('',(0.,0.,0.));
#13 = DIRECTION('',(0.,0.,1.));
#14 = DIRECTION('',(1.,0.,-0.));
#15 = MANIFOLD_SOLID_BREP('',#16);
#16 = CLOSED_SHELL('',(#17,#137,#213,#1312,#1361,#2099,#2106,#2153,#2180
    ));
#17 = ADVANCED_FACE('',(#18),#32,.F.);
#18 = FACE_BOUND('',#19,.F.);
#19 = EDGE_LOOP('',(#20,#55,#83,#111));
#20 = ORIENTED_EDGE('',*,*,#21,.F.);
#21 = EDGE_CURVE('',#22,#24,#26,.T.);
#22 = VERTEX_POINT('',#23);
#23 = CARTESIAN_POINT('',(-5.E+03,-5.E+03,0.));
#24 = VERTEX_POINT('',#25);
#25 = CARTESIAN_POINT('',(-5.E+03,-5.E+03,200.));
#26 = SURFACE_CURVE('',#27,(#31,#43),.PCURVE_S1.);
#27 = LINE('',#28,#29);
#28 = CARTESIAN_POINT('',(-5.E+03,-5.E+03,0.));
#29 = VECTOR('',#30,1.);
#30 = DIRECTION('',(0.,0.,1.));
#31 = PCURVE('',#32,#37);
#32 = PLANE('',#33);
#33 = AXIS2_PLACEMENT_3D('',#34,#35,#36);
#34 = CARTESIAN_POINT('',(-5.E+03,-5.E+03,0.));
#35 = DIRECTION('',(1.,0.,-0.));
#36 = DIRECTION('',(0.,0.,1.));
#37 = DEFINITIONAL_REPRESENTATION('',(#38),#42);
#38 = LINE('',#39,#40);
#39 = CARTESIAN_POINT('',(0.,0.));
#40 = VECTOR('',#41,1.);
#41 = DIRECTION('',(1.,0.));
#42 = ( GEOMETRIC_REPRESENTATION_CONTEXT(2) 
PARAMETRIC_REPRESENTATION_CONTEXT() REPRESENTATION_CONTEXT('2D SPACE',''
  ) );
#43 = PCURVE('',#44,#49);
#44 = PLANE('',#45);
#45 = AXIS2_PLACEMENT_3D('',#46,#47,#48);
#46 = CARTESIAN_POINT('',(-5.E+03,-5.E+03,0.));
#47 = DIRECTION('',(-0.,1.,0.));
#48 = DIRECTION('',(0.,0.,1.));
#49 = DEFINITIONAL_REPRESENTATION('',(#50),#54);
#50 = LINE('',#51,#52);
#51 = CARTESIAN_POINT('',(0.,0.));
#52 = VECTOR('',#53,1.);
#53 = DIRECTION('',(1.,0.));
#54 = ( GEOMETRIC_REPRESENTATION_CONTEXT(2) 
PARAMETRIC_REPRESENTATION_CONTEXT() REPRESENTATION_CONTEXT('2D SPACE',''
  ) );
#55 = ORIENTED_EDGE('',*,*,#56,.T.);
#56 = EDGE_CURVE('',#22,#57,#59,.T.);
#57 = VERTEX_POINT('',#58);
#58 = CARTESIAN_POINT('',(-5.E+03,5.E+03,0.));
#59 = SURFACE_CURVE('',#60,(#64,#71),.PCURVE_S1.);
#60 = LINE('',#61,#62);
#61 = CARTESIAN_POINT('',(-5.E+03,-5.E+03,0.));
#62 = VECTOR('',#63,1.);
#63 = DIRECTION('',(-0.,1.,0.));
#64 = PCURVE('',#32,#65);
#65 = DEFINITIONAL_REPRESENTATION('',(#66),#70);
#66 = LINE('',#67,#68);
#67 = CARTESIAN_POINT('',(0.,0.));
#68 = VECTOR('',#69,1.);
#69 = DIRECTION('',(0.,-1.));
#70 = ( GEOMETRIC_REPRESENTATION_CONTEXT(2) 
PARAMETRIC_REPRESENTATION_CONTEXT() REPRESENTATION_CONTEXT('2D SPACE',''
  ) );
#71 = PCURVE('',#72,#77);
#72 = PLANE('',#73);
#73 = AXIS2_PLACEMENT_3D('',#74,#75,#76);
#74 = CARTESIAN_POINT('',(-5.E+03,-5.E+03,0.));
#75 = DIRECTION('',(0.,0.,1.));
#76 = DIRECTION('',(1.,0.,-0.));
#77 = DEFINITIONAL_REPRESENTATION('',(#78),#82);
#78 = LINE('',#79,#80);
#79 = CARTESIAN_POINT('',(0.,0.));
#80 = VECTOR('',#81,1.);
#81 = DIRECTION('',(0.,1.));
#82 = ( GEOMETRIC_REPRESENTATION_CONTEXT(2) 
PARAMETRIC_REPRESENTATION_CONTEXT() REPRESENTATION_CONTEXT('2D SPACE',''
  ) );
#83 = ORIENTED_EDGE('',*,*,#84,.T.);
#84 = EDGE_CURVE('',#57,#85,#87,.T.);
#85 = VERTEX_POINT('',#86);
#86 = CARTESIAN_POINT('',(-5.E+03,5.E+03,200.));
#87 = SURFACE_CURVE('',#88,(#92,#99),.PCURVE_S1.);
#88 = LINE('',#89,#90);
#89 = CARTESIAN_POINT('',(-5.E+03,5.E+03,0.));
#90 = VECTOR('',#91,1.);
#91 = DIRECTION('',(0.,0.,1.));
#92 = PCURVE('',#32,#93);
#93 = DEFINITIONAL_REPRESENTATION('',(#94),#98);
#94 = LINE('',#95,#96);
#95 = CARTESIAN_POINT('',(0.,-1.E+04));
#96 = VECTOR('',#97,1.);
#97 = DIRECTION('',(1.,0.));
#98 = ( GEOMETRIC_REPRESENTATION_CONTEXT(2) 
PARAMETRIC_REPRESENTATION_CONTEXT() REPRESENTATION_CONTEXT('2D SPACE',''
  ) );
#99 = PCURVE('',#100,#105);
#100 = PLANE('',#101);
#101 = AXIS2_PLACEMENT_3D('',#102,#103,#104);
#102 = CARTESIAN_POINT('',(-5.E+03,5.E+03,0.));
#103 = DIRECTION('',(-0.,1.,0.));
#104 = DIRECTION('',(0.,0.,1.));
#105 = DEFINITIONAL_REPRESENTATION('',(#106),#110);
#106 = LINE('',#107,#108);
#107 = CARTESIAN_POINT('',(0.,0.));
#108 = VECTOR('',#109,1.);
#109 = DIRECTION('',(1.,0.));
#110 = ( GEOMETRIC_REPRESENTATION_CONTEXT(2) 
PARAMETRIC_REPRESENTATION_CONTEXT() REPRESENTATION_CONTEXT('2D SPACE',''
  ) );
#111 = ORIENTED_EDGE('',*,*,#112,.F.);
#112 = EDGE_CURVE('',#24,#85,#113,.T.);
#113 = SURFACE_CURVE('',#114,(#118,#125),.PCURVE_S1.);
#114 = LINE('',#115,#116);
#115 = CARTESIAN_POINT('',(-5.E+03,-5.E+03,200.));
#116 = VECTOR('',#117,1.);
#117 = DIRECTION('',(-0.,1.,0.));
#118 = PCURVE('',#32,#119);
#119 = DEFINITIONAL_REPRESENTATION('',(#120),#124);
#120 = LINE('',#121,#122);
#121 = CARTESIAN_POINT('',(200.,0.));
#122 = VECTOR('',#123,1.);
#123 = DIRECTION('',(0.,-1.));
#124 = ( GEOMETRIC_REPRESENTATION_CONTEXT(2) 
PARAMETRIC_REPRESENTATION_CONTEXT() REPRESENTATION_CONTEXT('2D SPACE',''
  ) );
#125 = PCURVE('',#126,#131);
#126 = PLANE('',#127);
#127 = AXIS2_PLACEMENT_3D('',#128,#129,#130);
#128 = CARTESIAN_POINT('',(-5.E+03,-5.E+03,200.));
#129 = DIRECTION('',(0.,0.,1.));
#130 = DIRECTION('',(1.,0.,-0.));
#131 = DEFINITIONAL_REPRESENTATION('',(#132),#136);
#132 = LINE('',#133,#134);
#133 = CARTESIAN_POINT('',(0.,0.));
#134 = VECTOR('',#135,1.);
#135 = DIRECTION('',(0.,1.));
#136 = ( GEOMETRIC_REPRESENTATION_CONTEXT(2) 
PARAMETRIC_REPRESENTATION_CONTEXT() REPRESENTATION_CONTEXT('2D SPACE',''
  ) );
#137 = ADVANCED_FACE('',(#138),#44,.F.);
#138 = FACE_BOUND('',#139,.F.);
#139 = EDGE_LOOP('',(#140,#163,#164,#187));
#140 = ORIENTED_EDGE('',*,*,#141,.F.);
#141 = EDGE_CURVE('',#22,#142,#144,.T.);
#142 = VERTEX_POINT('',#143);
#143 = CARTESIAN_POINT('',(1.E+04,-5.E+03,0.));
#144 = SURFACE_CURVE('',#145,(#149,#156),.PCURVE_S1.);
#145 = LINE('',#146,#147);
#146 = CARTESIAN_POINT('',(-5.E+03,-5.E+03,0.));
#147 = VECTOR('',#148,1.);
#148 = DIRECTION('',(1.,0.,-0.));
#149 = PCURVE('',#44,#150);
#150 = DEFINITIONAL_REPRESENTATION('',(#151),#155);
#151 = LINE('',#152,#153);
#152 = CARTESIAN_POINT('',(0.,0.));
#153 = VECTOR('',#154,1.);
#154 = DIRECTION('',(0.,1.));
#155 = ( GEOMETRIC_REPRESENTATION_CONTEXT(2) 
PARAMETRIC_REPRESENTATION_CONTEXT() REPRESENTATION_CONTEXT('2D SPACE',''
  ) );
#156 = PCURVE('',#72,#157);
#157 = DEFINITIONAL_REPRESENTATION('',(#158),#162);
#158 = LINE('',#159,#160);
#159 = CARTESIAN_POINT('',(0.,0.));
#160 = VECTOR('',#161,1.);
#161 = DIRECTION('',(1.,0.));
#162 = ( GEOMETRIC_REPRESENTATION_CONTEXT(2) 
PARAMETRIC_REPRESENTATION_CONTEXT() REPRESENTATION_CONTEXT('2D SPACE',''
  ) );
#163 = ORIENTED_EDGE('',*,*,#21,.T.);
#164 = ORIENTED_EDGE('',*,*,#165,.T.);
#165 = EDGE_CURVE('',#24,#166,#168,.T.);
#166 = VERTEX_POINT('',#167);
#167 = CARTESIAN_POINT('',(1.E+04,-5.E+03,200.));
#168 = SURFACE_CURVE('',#169,(#173,#180),.PCURVE_S1.);
#169 = LINE('',#170,#171);
#170 = CARTESIAN_POINT('',(-5.E+03,-5.E+03,200.));
#171 = VECTOR('',#172,1.);
#172 = DIRECTION('',(1.,0.,-0.));
#173 = PCURVE('',#44,#174);
#174 = DEFINITIONAL_REPRESENTATION('',(#175),#179);
#175 = LINE('',#176,#177);
#176 = CARTESIAN_POINT('',(200.,0.));
#177 = VECTOR('',#178,1.);
#178 = DIRECTION('',(0.,1.));
#179 = ( GEOMETRIC_REPRESENTATION_CONTEXT(2) 
PARAMETRIC_REPRESENTATION_CONTEXT() REPRESENTATION_CONTEXT('2D SPACE',''
  ) );
#180 = PCURVE('',#126,#181);
#181 = DEFINITIONAL_REPRESENTATION('',(#182),#186);
#182 = LINE('',#183,#184);
#183 = CARTESIAN_POINT('',(0.,0.));
#184 = VECTOR('',#185,1.);
#185 = DIRECTION('',(1.,0.));
#186 = ( GEOMETRIC_REPRESENTATION_CONTEXT(2) 
PARAMETRIC_REPRESENTATION_CONTEXT() REPRESENTATION_CONTEXT('2D SPACE',''
  ) );
#187 = ORIENTED_EDGE('',*,*,#188,.F.);
#188 = EDGE_CURVE('',#142,#166,#189,.T.);
#189 = SURFACE_CURVE('',#190,(#194,#201),.PCURVE_S1.);
#190 = LINE('',#191,#192);
#191 = CARTESIAN_POINT('',(1.E+04,-5.E+03,0.));
#192 = VECTOR('',#193,1.);
#193 = DIRECTION('',(0.,0.,1.));
#194 = PCURVE('',#44,#195);
#195 = DEFINITIONAL_REPRESENTATION('',(#196),#200);
#196 = LINE('',#197,#198);
#197 = CARTESIAN_POINT('',(0.,1.5E+04));
#198 = VECTOR('',#199,1.);
#199 = DIRECTION('',(1.,0.));
#200 = ( GEOMETRIC_REPRESENTATION_CONTEXT(2) 
PARAMETRIC_REPRESENTATION_CONTEXT() REPRESENTATION_CONTEXT('2D SPACE',''
  ) );
#201 = PCURVE('',#202,#207);
#202 = PLANE('',#203);
#203 = AXIS2_PLACEMENT_3D('',#204,#205,#206);
#204 = CARTESIAN_POINT('',(1.E+04,-5.E+03,0.));
#205 = DIRECTION('',(1.,0.,-0.));
#206 = DIRECTION('',(0.,0.,1.));
#207 = DEFINITIONAL_REPRESENTATION('',(#208),#212);
#208 = LINE('',#209,#210);
#209 = CARTESIAN_POINT('',(0.,0.));
#210 = VECTOR('',#211,1.);
#211 = DIRECTION('',(1.,0.));
#212 = ( GEOMETRIC_REPRESENTATION_CONTEXT(2) 
PARAMETRIC_REPRESENTATION_CONTEXT() REPRESENTATION_CONTEXT('2D SPACE',''
  ) );
#213 = ADVANCED_FACE('',(#214,#262),#126,.T.);
#214 = FACE_BOUND('',#215,.T.);
#215 = EDGE_LOOP('',(#216,#217,#218,#241));
#216 = ORIENTED_EDGE('',*,*,#112,.F.);
#217 = ORIENTED_EDGE('',*,*,#165,.T.);
#218 = ORIENTED_EDGE('',*,*,#219,.T.);
#219 = EDGE_CURVE('',#166,#220,#222,.T.);
#220 = VERTEX_POINT('',#221);
#221 = CARTESIAN_POINT('',(1.E+04,5.E+03,200.));
#222 = SURFACE_CURVE('',#223,(#227,#234),.PCURVE_S1.);
#223 = LINE('',#224,#225);
#224 = CARTESIAN_POINT('',(1.E+04,-5.E+03,200.));
#225 = VECTOR('',#226,1.);
#226 = DIRECTION('',(-0.,1.,0.));
#227 = PCURVE('',#126,#228);
#228 = DEFINITIONAL_REPRESENTATION('',(#229),#233);
#229 = LINE('',#230,#231);
#230 = CARTESIAN_POINT('',(1.5E+04,0.));
#231 = VECTOR('',#232,1.);
#232 = DIRECTION('',(0.,1.));
#233 = ( GEOMETRIC_REPRESENTATION_CONTEXT(2) 
PARAMETRIC_REPRESENTATION_CONTEXT() REPRESENTATION_CONTEXT('2D SPACE',''
  ) );
#234 = PCURVE('',#202,#235);
#235 = DEFINITIONAL_REPRESENTATION('',(#236),#240);
#236 = LINE('',#237,#238);
#237 = CARTESIAN_POINT('',(200.,0.));
#238 = VECTOR('',#239,1.);
#239 = DIRECTION('',(0.,-1.));
#240 = ( GEOMETRIC_REPRESENTATION_CONTEXT(2) 
PARAMETRIC_REPRESENTATION_CONTEXT() REPRESENTATION_CONTEXT('2D SPACE',''
  ) );
#241 = ORIENTED_EDGE('',*,*,#242,.F.);
#242 = EDGE_CURVE('',#85,#220,#243,.T.);
#243 = SURFACE_CURVE('',#244,(#248,#255),.PCURVE_S1.);
#244 = LINE('',#245,#246);
#245 = CARTESIAN_POINT('',(-5.E+03,5.E+03,200.));
#246 = VECTOR('',#247,1.);
#247 = DIRECTION('',(1.,0.,-0.));
#248 = PCURVE('',#126,#249);
#249 = DEFINITIONAL_REPRESENTATION('',(#250),#254);
#250 = LINE('',#251,#252);
#251 = CARTESIAN_POINT('',(0.,1.E+04));
#252 = VECTOR('',#253,1.);
#253 = DIRECTION('',(1.,0.));
#254 = ( GEOMETRIC_REPRESENTATION_CONTEXT(2) 
PARAMETRIC_REPRESENTATION_CONTEXT() REPRESENTATION_CONTEXT('2D SPACE',''
  ) );
#255 = PCURVE('',#100,#256);
#256 = DEFINITIONAL_REPRESENTATION('',(#257),#261);
#257 = LINE('',#258,#259);
#258 = CARTESIAN_POINT('',(200.,0.));
#259 = VECTOR('',#260,1.);
#260 = DIRECTION('',(0.,1.));
#261 = ( GEOMETRIC_REPRESENTATION_CONTEXT(2) 
PARAMETRIC_REPRESENTATION_CONTEXT() REPRESENTATION_CONTEXT('2D SPACE',''
  ) );
#262 = FACE_BOUND('',#263,.T.);
#263 = EDGE_LOOP('',(#264,#776,#1286));
#264 = ORIENTED_EDGE('',*,*,#265,.T.);
#265 = EDGE_CURVE('',#266,#268,#270,.T.);
#266 = VERTEX_POINT('',#267);
#267 = CARTESIAN_POINT('',(1.E+03,-1.26,200.));
#268 = VERTEX_POINT('',#269);
#269 = CARTESIAN_POINT('',(0.,0.,200.));
#270 = SURFACE_CURVE('',#271,(#435,#602),.PCURVE_S1.);
#271 = B_SPLINE_CURVE_WITH_KNOTS('',3,(#272,#273,#274,#275,#276,#277,
    #278,#279,#280,#281,#282,#283,#284,#285,#286,#287,#288,#289,#290,
    #291,#292,#293,#294,#295,#296,#297,#298,#299,#300,#301,#302,#303,
    #304,#305,#306,#307,#308,#309,#310,#311,#312,#313,#314,#315,#316,
    #317,#318,#319,#320,#321,#322,#323,#324,#325,#326,#327,#328,#329,
    #330,#331,#332,#333,#334,#335,#336,#337,#338,#339,#340,#341,#342,
    #343,#344,#345,#346,#347,#348,#349,#350,#351,#352,#353,#354,#355,
    #356,#357,#358,#359,#360,#361,#362,#363,#364,#365,#366,#367,#368,
    #369,#370,#371,#372,#373,#374,#375,#376,#377,#378,#379,#380,#381,
    #382,#383,#384,#385,#386,#387,#388,#389,#390,#391,#392,#393,#394,
    #395,#396,#397,#398,#399,#400,#401,#402,#403,#404,#405,#406,#407,
    #408,#409,#410,#411,#412,#413,#414,#415,#416,#417,#418,#419,#420,
    #421,#422,#423,#424,#425,#426,#427,#428,#429,#430,#431,#432,#433,
    #434),.UNSPECIFIED.,.F.,.F.,(4,1,1,1,1,1,1,1,1,1,1,1,1,1,1,1,1,1,1,1
    ,1,1,1,1,1,1,1,1,1,1,1,1,1,1,1,1,1,1,1,1,1,1,1,1,1,1,1,1,1,1,1,1,1,1
    ,1,1,1,1,1,1,1,1,1,1,1,1,1,1,1,1,1,1,1,1,1,1,1,1,1,1,1,1,1,1,1,1,1,1
    ,1,1,1,1,1,1,1,1,1,1,1,1,1,1,1,1,1,1,1,1,1,1,1,1,1,1,1,1,1,1,1,1,1,1
    ,1,1,1,1,1,1,1,1,1,1,1,1,1,1,1,1,1,1,1,1,1,1,1,1,1,1,1,1,1,1,1,1,1,1
    ,1,1,1,1,4),(0.,9.732373210234E-02,0.389256063505,0.875680420887,
    1.556402586626,2.431150805444,3.499575933277,4.761251627934,
    6.215674581002,7.862264790326,9.700365872323,11.72924541324,
    13.948095358441,16.356032438667,18.952098632184,21.735261661658,
    24.704415524545,27.85838105576,31.19590652133,34.715668241764,
    38.416271243821,42.296249939399,46.354068830259,50.588123237332,
    54.996740053392,59.578178517922,64.330631013032,69.252223879389,
    74.341018251126,79.595010908812,85.012135149627,90.590261673944,
    96.327199487634,102.22069681946,108.26844205305,114.46806467296,
    120.8171362245,127.31317128701,133.95362846043,140.73591136495,
    147.65736965378,154.71530003904,161.90694733083,169.22950548965,
    176.6801186924,184.25588241223,191.95384451251,199.77100635538,
    207.70432392514,215.75070896703,223.90703014189,232.17011419701,
    240.53674715388,249.0036755132,257.56760747776,266.22521419369,
    274.97313101053,283.80795876069,292.72626505878,301.72458562121,
    310.79942560651,319.94726097673,329.16453988036,338.4476840569,
    347.79309026337,357.19713172301,366.65615959606,376.16650447285,
    385.72447788893,395.32637386214,404.96847045137,414.64703133653,
    424.35830741937,434.09853844435,443.86395463902,453.6507783728,
    463.45522583348,473.27350871994,483.10183595018,492.93641538296,
    502.7734555518,512.60916740949,522.43976608145,532.26147262604,
    542.07051579981,551.8631338257,561.63557616194,571.38410526953,
    581.10499837595,590.79454923294,600.44906986591,610.06489231288,
    619.63837035055,629.1658812055,638.64382724834,648.06863766893,
    657.43677013098,666.74471240427,675.9889839733,685.1661376213,
    694.27276098865,703.30547810548,712.26095089824,721.13588067068,
    729.92700955996,738.63112196941,747.24504597962,755.7656547404,
    764.18986784686,772.51465270328,780.73702587955,788.85405446557,
    796.86285742997,804.76060699067,812.54453000568,820.21190939404,
    827.76008559785,835.18645809837,842.48848700045,849.66369470183,
    856.70966766629,863.62405832188,870.40458710913,877.04904470742,
    883.55529447229,889.92127512156,896.14500371439,902.22457897497,
    908.15818502137,913.94409557143,919.58067871078,925.06640232461,
    930.39984031515,935.57967975189,940.60472913259,945.47392797177,
    950.18635798156,954.74125616982,959.13803025604,963.37627689953,
    967.45580335287,971.37665330098,975.1391378297,978.74387269435,
    982.19182333317,985.48435939778,988.623320945,991.61109883119,
    994.45073221545,997.14602629609,999.70169325833,1.00212351852E+03,
    1.00441855211E+03,1.006595320541E+03,1.008664046742E+03,
    1.010636853859E+03,1.012527913466E+03,1.014353483887E+03,
    1.016131778103E+03,1.017882614863E+03,1.019626848686E+03),
  .UNSPECIFIED.);
#272 = CARTESIAN_POINT('',(1.E+03,-1.26,200.));
#273 = CARTESIAN_POINT('',(999.96787345069,-1.264507676133,200.));
#274 = CARTESIAN_POINT('',(999.8393799347,-1.282535525335,200.));
#275 = CARTESIAN_POINT('',(999.55031629477,-1.323081944252,200.));
#276 = CARTESIAN_POINT('',(999.06866737748,-1.390609710333,200.));
#277 = CARTESIAN_POINT('',(998.39461885666,-1.485044567151,200.));
#278 = CARTESIAN_POINT('',(997.5284305756,-1.606282838272,200.));
#279 = CARTESIAN_POINT('',(996.47043644704,-1.754191707686,200.));
#280 = CARTESIAN_POINT('',(995.22104432455,-1.928609577306,200.));
#281 = CARTESIAN_POINT('',(993.78073584561,-2.129346499302,200.));
#282 = CARTESIAN_POINT('',(992.15006624608,-2.35618468054,200.));
#283 = CARTESIAN_POINT('',(990.32966414651,-2.608879055947,200.));
#284 = CARTESIAN_POINT('',(988.32023131004,-2.887157927226,200.));
#285 = CARTESIAN_POINT('',(986.12254237223,-3.190723662888,200.));
#286 = CARTESIAN_POINT('',(983.73744454276,-3.519253455252,200.));
#287 = CARTESIAN_POINT('',(981.16585727919,-3.872400129672,200.));
#288 = CARTESIAN_POINT('',(978.40877193287,-4.249793000971,200.));
#289 = CARTESIAN_POINT('',(975.46725136716,-4.651038771755,200.));
#290 = CARTESIAN_POINT('',(972.34242954806,-5.075722467069,200.));
#291 = CARTESIAN_POINT('',(969.03551110744,-5.523408399639,200.));
#292 = CARTESIAN_POINT('',(965.54777087904,-5.993641159779,200.));
#293 = CARTESIAN_POINT('',(961.88055340738,-6.485946623944,200.));
#294 = CARTESIAN_POINT('',(958.03527242981,-6.999832975794,200.));
#295 = CARTESIAN_POINT('',(954.0134103318,-7.534791733651,200.));
#296 = CARTESIAN_POINT('',(949.81651757584,-8.090298778182,200.));
#297 = CARTESIAN_POINT('',(945.44621210404,-8.665815374254,200.));
#298 = CARTESIAN_POINT('',(940.90417871464,-9.260789180931,200.));
#299 = CARTESIAN_POINT('',(936.1921684128,-9.874655243796,200.));
#300 = CARTESIAN_POINT('',(931.31199773578,-10.5068369639,200.));
#301 = CARTESIAN_POINT('',(926.26554805286,-11.15674703788,200.));
#302 = CARTESIAN_POINT('',(921.0547648402,-11.8237883641,200.));
#303 = CARTESIAN_POINT('',(915.681656931,-12.50735490979,200.));
#304 = CARTESIAN_POINT('',(910.14829574114,-13.20683253477,200.));
#305 = CARTESIAN_POINT('',(904.45681447072,-13.92159976748,200.));
#306 = CARTESIAN_POINT('',(898.6094072817,-14.65102852946,200.));
#307 = CARTESIAN_POINT('',(892.60832845201,-15.39448480499,200.));
#308 = CARTESIAN_POINT('',(886.45589150647,-16.15132925289,200.));
#309 = CARTESIAN_POINT('',(880.15446832485,-16.9209177581,200.));
#310 = CARTESIAN_POINT('',(873.70648822732,-17.70260192095,200.));
#311 = CARTESIAN_POINT('',(867.11443703781,-18.49572948279,200.));
#312 = CARTESIAN_POINT('',(860.3808561255,-19.29964468697,200.));
#313 = CARTESIAN_POINT('',(853.50834142492,-20.11368857476,200.));
#314 = CARTESIAN_POINT('',(846.49954243492,-20.93719921639,200.));
#315 = CARTESIAN_POINT('',(839.35716119702,-21.76951187785,200.));
#316 = CARTESIAN_POINT('',(832.08395125342,-22.60995912463,200.));
#317 = CARTESIAN_POINT('',(824.6827165852,-23.45787086415,200.));
#318 = CARTESIAN_POINT('',(817.156310531,-24.31257432915,200.));
#319 = CARTESIAN_POINT('',(809.5076346867,-25.17339400483,200.));
#320 = CARTESIAN_POINT('',(801.73963778639,-26.03965150287,200.));
#321 = CARTESIAN_POINT('',(793.85531456526,-26.91066538619,200.));
#322 = CARTESIAN_POINT('',(785.85770460468,-27.78575094857,200.));
#323 = CARTESIAN_POINT('',(777.74989115995,-28.66421995372,200.));
#324 = CARTESIAN_POINT('',(769.53499997131,-29.5453803388,200.));
#325 = CARTESIAN_POINT('',(761.21619805844,-30.42853588767,200.));
#326 = CARTESIAN_POINT('',(752.79669249909,-31.31298587966,200.));
#327 = CARTESIAN_POINT('',(744.2797291923,-32.19802471973,200.));
#328 = CARTESIAN_POINT('',(735.6685916066,-33.08294155618,200.));
#329 = CARTESIAN_POINT('',(726.96659951372,-33.96701989242,200.));
#330 = CARTESIAN_POINT('',(718.17710770834,-34.84953719929,200.));
#331 = CARTESIAN_POINT('',(709.30350471434,-35.72976453457,200.));
#332 = CARTESIAN_POINT('',(700.34921147803,-36.60696617656,200.));
#333 = CARTESIAN_POINT('',(691.31768004889,-37.48039927826,200.));
#334 = CARTESIAN_POINT('',(682.21239224834,-38.34931354915,200.));
#335 = CARTESIAN_POINT('',(673.03685832704,-39.21295097098,200.));
#336 = CARTESIAN_POINT('',(663.79461561129,-40.07054555427,200.));
#337 = CARTESIAN_POINT('',(654.4892271389,-40.92132314179,200.));
#338 = CARTESIAN_POINT('',(645.12428028528,-41.76450126511,200.));
#339 = CARTESIAN_POINT('',(635.70338538012,-42.59928906027,200.));
#340 = CARTESIAN_POINT('',(626.23017431526,-43.42488724785,200.));
#341 = CARTESIAN_POINT('',(616.70829914426,-44.24048818288,200.));
#342 = CARTESIAN_POINT('',(607.14143067425,-45.04527597926,200.));
#343 = CARTESIAN_POINT('',(597.53325705055,-45.83842671303,200.));
#344 = CARTESIAN_POINT('',(587.88748233471,-46.6191087085,200.));
#345 = CARTESIAN_POINT('',(578.20782507638,-47.38648291047,200.));
#346 = CARTESIAN_POINT('',(568.49801687967,-48.13970334549,200.));
#347 = CARTESIAN_POINT('',(558.76180096451,-48.87791767433,200.));
#348 = CARTESIAN_POINT('',(549.00293072358,-49.60026783744,200.));
#349 = CARTESIAN_POINT('',(539.22516827541,-50.30589079433,200.));
#350 = CARTESIAN_POINT('',(529.43228301402,-50.99391935747,200.));
#351 = CARTESIAN_POINT('',(519.628050156,-51.66348312023,200.));
#352 = CARTESIAN_POINT('',(509.8162492852,-52.31370947831,200.));
#353 = CARTESIAN_POINT('',(500.00066289593,-52.94372474281,200.));
#354 = CARTESIAN_POINT('',(490.18507493496,-53.55265534291,200.));
#355 = CARTESIAN_POINT('',(480.37326934308,-54.1396291153,200.));
#356 = CARTESIAN_POINT('',(470.56902859668,-54.70377667675,200.));
#357 = CARTESIAN_POINT('',(460.77613224987,-55.24423287568,200.));
#358 = CARTESIAN_POINT('',(450.99835547782,-55.76013831802,200.));
#359 = CARTESIAN_POINT('',(441.23946762178,-56.25064096185,200.));
#360 = CARTESIAN_POINT('',(431.50323073632,-56.71489777489,200.));
#361 = CARTESIAN_POINT('',(421.79339813948,-57.15207644825,200.));
#362 = CARTESIAN_POINT('',(412.11371296613,-57.56135715949,200.));
#363 = CARTESIAN_POINT('',(402.46790672538,-57.9419343772,200.));
#364 = CARTESIAN_POINT('',(392.85969786235,-58.29301869932,200.));
#365 = CARTESIAN_POINT('',(383.29279032497,-58.61383871652,200.));
#366 = CARTESIAN_POINT('',(373.77087213629,-58.90364289212,200.));
#367 = CARTESIAN_POINT('',(364.29761397285,-59.16170144909,200.));
#368 = CARTESIAN_POINT('',(354.87666774965,-59.38730825502,200.));
#369 = CARTESIAN_POINT('',(345.51166521228,-59.57978269526,200.));
#370 = CARTESIAN_POINT('',(336.2062165366,-59.73847152446,200.));
#371 = CARTESIAN_POINT('',(326.96390893669,-59.86275068672,200.));
#372 = CARTESIAN_POINT('',(317.78830528141,-59.95202709423,200.));
#373 = CARTESIAN_POINT('',(308.68294272014,-60.00574035453,200.));
#374 = CARTESIAN_POINT('',(299.65133131826,-60.02336443652,200.));
#375 = CARTESIAN_POINT('',(290.69695270279,-60.00440926535,200.));
#376 = CARTESIAN_POINT('',(281.82325871869,-59.9484222367,200.));
#377 = CARTESIAN_POINT('',(273.03367009634,-59.85498964099,200.));
#378 = CARTESIAN_POINT('',(264.33157513071,-59.7237379885,200.));
#379 = CARTESIAN_POINT('',(255.7203283725,-59.55433522668,200.));
#380 = CARTESIAN_POINT('',(247.20324933206,-59.34649184131,200.));
#381 = CARTESIAN_POINT('',(238.7836211961,-59.09996183367,200.));
#382 = CARTESIAN_POINT('',(230.46468955804,-58.8145435664,200.));
#383 = CARTESIAN_POINT('',(222.24966116216,-58.49008047113,200.));
#384 = CARTESIAN_POINT('',(214.14170266204,-58.1264616119,200.));
#385 = CARTESIAN_POINT('',(206.14393939371,-57.72362209863,200.));
#386 = CARTESIAN_POINT('',(198.25945416388,-57.28154334588,200.));
#387 = CARTESIAN_POINT('',(190.49128605354,-56.80025317278,200.));
#388 = CARTESIAN_POINT('',(182.84242923732,-56.27982574064,200.));
#389 = CARTESIAN_POINT('',(175.31583181891,-55.72038132578,200.));
#390 = CARTESIAN_POINT('',(167.91439468278,-55.12208592563,200.));
#391 = CARTESIAN_POINT('',(160.64097036234,-54.4851506972,200.));
#392 = CARTESIAN_POINT('',(153.49836192488,-53.80983122779,200.));
#393 = CARTESIAN_POINT('',(146.48932187326,-53.09642663854,200.));
#394 = CARTESIAN_POINT('',(139.6165510644,-52.34527852239,200.));
#395 = CARTESIAN_POINT('',(132.88269764463,-51.5567697189,200.));
#396 = CARTESIAN_POINT('',(126.29035600156,-50.7313229289,200.));
#397 = CARTESIAN_POINT('',(119.84206573245,-49.86939917318,200.));
#398 = CARTESIAN_POINT('',(113.54031062834,-48.97149609984,200.));
#399 = CARTESIAN_POINT('',(107.38751767369,-48.03814614576,200.));
#400 = CARTESIAN_POINT('',(101.38605606038,-47.06991455834,200.));
#401 = CARTESIAN_POINT('',(95.538236215233,-46.06739728432,200.));
#402 = CARTESIAN_POINT('',(89.846308839467,-45.03121873265,200.));
#403 = CARTESIAN_POINT('',(84.312463958465,-43.96202941919,200.));
#404 = CARTESIAN_POINT('',(78.938829979423,-42.86050350085,200.));
#405 = CARTESIAN_POINT('',(73.727472754193,-41.72733620684,200.));
#406 = CARTESIAN_POINT('',(68.680394643823,-40.56324117436,200.));
#407 = CARTESIAN_POINT('',(63.799533580582,-39.36894769528,200.));
#408 = CARTESIAN_POINT('',(59.086762122461,-38.14519787906,200.));
#409 = CARTESIAN_POINT('',(54.543886494223,-36.89274373486,200.));
#410 = CARTESIAN_POINT('',(50.172645608266,-35.61234417309,200.));
#411 = CARTESIAN_POINT('',(45.974710057981,-34.30476192163,200.));
#412 = CARTESIAN_POINT('',(41.951681076205,-32.97076034567,200.));
#413 = CARTESIAN_POINT('',(38.105089452587,-31.61110015117,200.));
#414 = CARTESIAN_POINT('',(34.436394407015,-30.22653593895,200.));
#415 = CARTESIAN_POINT('',(30.946982423743,-28.81781255961,200.));
#416 = CARTESIAN_POINT('',(27.638166065417,-27.38566119676,200.));
#417 = CARTESIAN_POINT('',(24.511182812858,-25.9307950769,200.));
#418 = CARTESIAN_POINT('',(21.567194023284,-24.45390467029,200.));
#419 = CARTESIAN_POINT('',(18.807284178531,-22.95565221088,200.));
#420 = CARTESIAN_POINT('',(16.232460724754,-21.43666533761,200.));
#421 = CARTESIAN_POINT('',(13.84365500455,-19.89752967061,200.));
#422 = CARTESIAN_POINT('',(11.641725090098,-18.33878023511,200.));
#423 = CARTESIAN_POINT('',(9.62746169403,-16.76089194756,200.));
#424 = CARTESIAN_POINT('',(7.801598892715,-15.16426999961,200.));
#425 = CARTESIAN_POINT('',(6.164831293493,-13.54924231569,200.));
#426 = CARTESIAN_POINT('',(4.717840198313,-11.91605790604,200.));
#427 = CARTESIAN_POINT('',(3.461324672837,-10.2648988016,200.));
#428 = CARTESIAN_POINT('',(2.396044184249,-8.595910935836,200.));
#429 = CARTESIAN_POINT('',(1.5228159687,-6.909272658008,200.));
#430 = CARTESIAN_POINT('',(0.842592980534,-5.205256796043,200.));
#431 = CARTESIAN_POINT('',(0.356070115317,-3.484406791368,200.));
#432 = CARTESIAN_POINT('',(6.470811096604E-02,-1.747261905531,200.));
#433 = CARTESIAN_POINT('',(-7.371754410739E-04,-0.581902264481,200.));
#434 = CARTESIAN_POINT('',(0.,0.,200.));
#435 = PCURVE('',#126,#436);
#436 = DEFINITIONAL_REPRESENTATION('',(#437),#601);
#437 = B_SPLINE_CURVE_WITH_KNOTS('',3,(#438,#439,#440,#441,#442,#443,
    #444,#445,#446,#447,#448,#449,#450,#451,#452,#453,#454,#455,#456,
    #457,#458,#459,#460,#461,#462,#463,#464,#465,#466,#467,#468,#469,
    #470,#471,#472,#473,#474,#475,#476,#477,#478,#479,#480,#481,#482,
    #483,#484,#485,#486,#487,#488,#489,#490,#491,#492,#493,#494,#495,
    #496,#497,#498,#499,#500,#501,#502,#503,#504,#505,#506,#507,#508,
    #509,#510,#511,#512,#513,#514,#515,#516,#517,#518,#519,#520,#521,
    #522,#523,#524,#525,#526,#527,#528,#529,#530,#531,#532,#533,#534,
    #535,#536,#537,#538,#539,#540,#541,#542,#543,#544,#545,#546,#547,
    #548,#549,#550,#551,#552,#553,#554,#555,#556,#557,#558,#559,#560,
    #561,#562,#563,#564,#565,#566,#567,#568,#569,#570,#571,#572,#573,
    #574,#575,#576,#577,#578,#579,#580,#581,#582,#583,#584,#585,#586,
    #587,#588,#589,#590,#591,#592,#593,#594,#595,#596,#597,#598,#599,
    #600),.UNSPECIFIED.,.F.,.F.,(4,1,1,1,1,1,1,1,1,1,1,1,1,1,1,1,1,1,1,1
    ,1,1,1,1,1,1,1,1,1,1,1,1,1,1,1,1,1,1,1,1,1,1,1,1,1,1,1,1,1,1,1,1,1,1
    ,1,1,1,1,1,1,1,1,1,1,1,1,1,1,1,1,1,1,1,1,1,1,1,1,1,1,1,1,1,1,1,1,1,1
    ,1,1,1,1,1,1,1,1,1,1,1,1,1,1,1,1,1,1,1,1,1,1,1,1,1,1,1,1,1,1,1,1,1,1
    ,1,1,1,1,1,1,1,1,1,1,1,1,1,1,1,1,1,1,1,1,1,1,1,1,1,1,1,1,1,1,1,1,1,1
    ,1,1,1,1,4),(0.,9.732373210234E-02,0.389256063505,0.875680420887,
    1.556402586626,2.431150805444,3.499575933277,4.761251627934,
    6.215674581002,7.862264790326,9.700365872323,11.72924541324,
    13.948095358441,16.356032438667,18.952098632184,21.735261661658,
    24.704415524545,27.85838105576,31.19590652133,34.715668241764,
    38.416271243821,42.296249939399,46.354068830259,50.588123237332,
    54.996740053392,59.578178517922,64.330631013032,69.252223879389,
    74.341018251126,79.595010908812,85.012135149627,90.590261673944,
    96.327199487634,102.22069681946,108.26844205305,114.46806467296,
    120.8171362245,127.31317128701,133.95362846043,140.73591136495,
    147.65736965378,154.71530003904,161.90694733083,169.22950548965,
    176.6801186924,184.25588241223,191.95384451251,199.77100635538,
    207.70432392514,215.75070896703,223.90703014189,232.17011419701,
    240.53674715388,249.0036755132,257.56760747776,266.22521419369,
    274.97313101053,283.80795876069,292.72626505878,301.72458562121,
    310.79942560651,319.94726097673,329.16453988036,338.4476840569,
    347.79309026337,357.19713172301,366.65615959606,376.16650447285,
    385.72447788893,395.32637386214,404.96847045137,414.64703133653,
    424.35830741937,434.09853844435,443.86395463902,453.6507783728,
    463.45522583348,473.27350871994,483.10183595018,492.93641538296,
    502.7734555518,512.60916740949,522.43976608145,532.26147262604,
    542.07051579981,551.8631338257,561.63557616194,571.38410526953,
    581.10499837595,590.79454923294,600.44906986591,610.06489231288,
    619.63837035055,629.1658812055,638.64382724834,648.06863766893,
    657.43677013098,666.74471240427,675.9889839733,685.1661376213,
    694.27276098865,703.30547810548,712.26095089824,721.13588067068,
    729.92700955996,738.63112196941,747.24504597962,755.7656547404,
    764.18986784686,772.51465270328,780.73702587955,788.85405446557,
    796.86285742997,804.76060699067,812.54453000568,820.21190939404,
    827.76008559785,835.18645809837,842.48848700045,849.66369470183,
    856.70966766629,863.62405832188,870.40458710913,877.04904470742,
    883.55529447229,889.92127512156,896.14500371439,902.22457897497,
    908.15818502137,913.94409557143,919.58067871078,925.06640232461,
    930.39984031515,935.57967975189,940.60472913259,945.47392797177,
    950.18635798156,954.74125616982,959.13803025604,963.37627689953,
    967.45580335287,971.37665330098,975.1391378297,978.74387269435,
    982.19182333317,985.48435939778,988.623320945,991.61109883119,
    994.45073221545,997.14602629609,999.70169325833,1.00212351852E+03,
    1.00441855211E+03,1.006595320541E+03,1.008664046742E+03,
    1.010636853859E+03,1.012527913466E+03,1.014353483887E+03,
    1.016131778103E+03,1.017882614863E+03,1.019626848686E+03),
  .UNSPECIFIED.);
#438 = CARTESIAN_POINT('',(6.E+03,4.99874E+03));
#439 = CARTESIAN_POINT('',(5.999967873451E+03,4.998735492324E+03));
#440 = CARTESIAN_POINT('',(5.999839379935E+03,4.998717464475E+03));
#441 = CARTESIAN_POINT('',(5.999550316295E+03,4.998676918056E+03));
#442 = CARTESIAN_POINT('',(5.999068667377E+03,4.99860939029E+03));
#443 = CARTESIAN_POINT('',(5.998394618857E+03,4.998514955433E+03));
#444 = CARTESIAN_POINT('',(5.997528430576E+03,4.998393717162E+03));
#445 = CARTESIAN_POINT('',(5.996470436447E+03,4.998245808292E+03));
#446 = CARTESIAN_POINT('',(5.995221044325E+03,4.998071390423E+03));
#447 = CARTESIAN_POINT('',(5.993780735846E+03,4.997870653501E+03));
#448 = CARTESIAN_POINT('',(5.992150066246E+03,4.997643815319E+03));
#449 = CARTESIAN_POINT('',(5.990329664147E+03,4.997391120944E+03));
#450 = CARTESIAN_POINT('',(5.98832023131E+03,4.997112842073E+03));
#451 = CARTESIAN_POINT('',(5.986122542372E+03,4.996809276337E+03));
#452 = CARTESIAN_POINT('',(5.983737444543E+03,4.996480746545E+03));
#453 = CARTESIAN_POINT('',(5.981165857279E+03,4.99612759987E+03));
#454 = CARTESIAN_POINT('',(5.978408771933E+03,4.995750206999E+03));
#455 = CARTESIAN_POINT('',(5.975467251367E+03,4.995348961228E+03));
#456 = CARTESIAN_POINT('',(5.972342429548E+03,4.994924277533E+03));
#457 = CARTESIAN_POINT('',(5.969035511107E+03,4.9944765916E+03));
#458 = CARTESIAN_POINT('',(5.965547770879E+03,4.99400635884E+03));
#459 = CARTESIAN_POINT('',(5.961880553407E+03,4.993514053376E+03));
#460 = CARTESIAN_POINT('',(5.95803527243E+03,4.993000167024E+03));
#461 = CARTESIAN_POINT('',(5.954013410332E+03,4.992465208266E+03));
#462 = CARTESIAN_POINT('',(5.949816517576E+03,4.991909701222E+03));
#463 = CARTESIAN_POINT('',(5.945446212104E+03,4.991334184626E+03));
#464 = CARTESIAN_POINT('',(5.940904178715E+03,4.990739210819E+03));
#465 = CARTESIAN_POINT('',(5.936192168413E+03,4.990125344756E+03));
#466 = CARTESIAN_POINT('',(5.931311997736E+03,4.989493163036E+03));
#467 = CARTESIAN_POINT('',(5.926265548053E+03,4.988843252962E+03));
#468 = CARTESIAN_POINT('',(5.92105476484E+03,4.988176211636E+03));
#469 = CARTESIAN_POINT('',(5.915681656931E+03,4.98749264509E+03));
#470 = CARTESIAN_POINT('',(5.910148295741E+03,4.986793167465E+03));
#471 = CARTESIAN_POINT('',(5.904456814471E+03,4.986078400233E+03));
#472 = CARTESIAN_POINT('',(5.898609407282E+03,4.985348971471E+03));
#473 = CARTESIAN_POINT('',(5.892608328452E+03,4.984605515195E+03));
#474 = CARTESIAN_POINT('',(5.886455891506E+03,4.983848670747E+03));
#475 = CARTESIAN_POINT('',(5.880154468325E+03,4.983079082242E+03));
#476 = CARTESIAN_POINT('',(5.873706488227E+03,4.982297398079E+03));
#477 = CARTESIAN_POINT('',(5.867114437038E+03,4.981504270517E+03));
#478 = CARTESIAN_POINT('',(5.860380856126E+03,4.980700355313E+03));
#479 = CARTESIAN_POINT('',(5.853508341425E+03,4.979886311425E+03));
#480 = CARTESIAN_POINT('',(5.846499542435E+03,4.979062800784E+03));
#481 = CARTESIAN_POINT('',(5.839357161197E+03,4.978230488122E+03));
#482 = CARTESIAN_POINT('',(5.832083951253E+03,4.977390040875E+03));
#483 = CARTESIAN_POINT('',(5.824682716585E+03,4.976542129136E+03));
#484 = CARTESIAN_POINT('',(5.817156310531E+03,4.975687425671E+03));
#485 = CARTESIAN_POINT('',(5.809507634687E+03,4.974826605995E+03));
#486 = CARTESIAN_POINT('',(5.801739637786E+03,4.973960348497E+03));
#487 = CARTESIAN_POINT('',(5.793855314565E+03,4.973089334614E+03));
#488 = CARTESIAN_POINT('',(5.785857704605E+03,4.972214249051E+03));
#489 = CARTESIAN_POINT('',(5.77774989116E+03,4.971335780046E+03));
#490 = CARTESIAN_POINT('',(5.769534999971E+03,4.970454619661E+03));
#491 = CARTESIAN_POINT('',(5.761216198058E+03,4.969571464112E+03));
#492 = CARTESIAN_POINT('',(5.752796692499E+03,4.96868701412E+03));
#493 = CARTESIAN_POINT('',(5.744279729192E+03,4.96780197528E+03));
#494 = CARTESIAN_POINT('',(5.735668591607E+03,4.966917058444E+03));
#495 = CARTESIAN_POINT('',(5.726966599514E+03,4.966032980108E+03));
#496 = CARTESIAN_POINT('',(5.718177107708E+03,4.965150462801E+03));
#497 = CARTESIAN_POINT('',(5.709303504714E+03,4.964270235465E+03));
#498 = CARTESIAN_POINT('',(5.700349211478E+03,4.963393033823E+03));
#499 = CARTESIAN_POINT('',(5.691317680049E+03,4.962519600722E+03));
#500 = CARTESIAN_POINT('',(5.682212392248E+03,4.961650686451E+03));
#501 = CARTESIAN_POINT('',(5.673036858327E+03,4.960787049029E+03));
#502 = CARTESIAN_POINT('',(5.663794615611E+03,4.959929454446E+03));
#503 = CARTESIAN_POINT('',(5.654489227139E+03,4.959078676858E+03));
#504 = CARTESIAN_POINT('',(5.645124280285E+03,4.958235498735E+03));
#505 = CARTESIAN_POINT('',(5.63570338538E+03,4.95740071094E+03));
#506 = CARTESIAN_POINT('',(5.626230174315E+03,4.956575112752E+03));
#507 = CARTESIAN_POINT('',(5.616708299144E+03,4.955759511817E+03));
#508 = CARTESIAN_POINT('',(5.607141430674E+03,4.954954724021E+03));
#509 = CARTESIAN_POINT('',(5.597533257051E+03,4.954161573287E+03));
#510 = CARTESIAN_POINT('',(5.587887482335E+03,4.953380891291E+03));
#511 = CARTESIAN_POINT('',(5.578207825076E+03,4.95261351709E+03));
#512 = CARTESIAN_POINT('',(5.56849801688E+03,4.951860296655E+03));
#513 = CARTESIAN_POINT('',(5.558761800965E+03,4.951122082326E+03));
#514 = CARTESIAN_POINT('',(5.549002930724E+03,4.950399732163E+03));
#515 = CARTESIAN_POINT('',(5.539225168275E+03,4.949694109206E+03));
#516 = CARTESIAN_POINT('',(5.529432283014E+03,4.949006080643E+03));
#517 = CARTESIAN_POINT('',(5.519628050156E+03,4.94833651688E+03));
#518 = CARTESIAN_POINT('',(5.509816249285E+03,4.947686290522E+03));
#519 = CARTESIAN_POINT('',(5.500000662896E+03,4.947056275257E+03));
#520 = CARTESIAN_POINT('',(5.490185074935E+03,4.946447344657E+03));
#521 = CARTESIAN_POINT('',(5.480373269343E+03,4.945860370885E+03));
#522 = CARTESIAN_POINT('',(5.470569028597E+03,4.945296223323E+03));
#523 = CARTESIAN_POINT('',(5.46077613225E+03,4.944755767124E+03));
#524 = CARTESIAN_POINT('',(5.450998355478E+03,4.944239861682E+03));
#525 = CARTESIAN_POINT('',(5.441239467622E+03,4.943749359038E+03));
#526 = CARTESIAN_POINT('',(5.431503230736E+03,4.943285102225E+03));
#527 = CARTESIAN_POINT('',(5.421793398139E+03,4.942847923552E+03));
#528 = CARTESIAN_POINT('',(5.412113712966E+03,4.942438642841E+03));
#529 = CARTESIAN_POINT('',(5.402467906725E+03,4.942058065623E+03));
#530 = CARTESIAN_POINT('',(5.392859697862E+03,4.941706981301E+03));
#531 = CARTESIAN_POINT('',(5.383292790325E+03,4.941386161283E+03));
#532 = CARTESIAN_POINT('',(5.373770872136E+03,4.941096357108E+03));
#533 = CARTESIAN_POINT('',(5.364297613973E+03,4.940838298551E+03));
#534 = CARTESIAN_POINT('',(5.35487666775E+03,4.940612691745E+03));
#535 = CARTESIAN_POINT('',(5.345511665212E+03,4.940420217305E+03));
#536 = CARTESIAN_POINT('',(5.336206216537E+03,4.940261528476E+03));
#537 = CARTESIAN_POINT('',(5.326963908937E+03,4.940137249313E+03));
#538 = CARTESIAN_POINT('',(5.317788305281E+03,4.940047972906E+03));
#539 = CARTESIAN_POINT('',(5.30868294272E+03,4.939994259645E+03));
#540 = CARTESIAN_POINT('',(5.299651331318E+03,4.939976635563E+03));
#541 = CARTESIAN_POINT('',(5.290696952703E+03,4.939995590735E+03));
#542 = CARTESIAN_POINT('',(5.281823258719E+03,4.940051577763E+03));
#543 = CARTESIAN_POINT('',(5.273033670096E+03,4.940145010359E+03));
#544 = CARTESIAN_POINT('',(5.264331575131E+03,4.940276262011E+03));
#545 = CARTESIAN_POINT('',(5.255720328373E+03,4.940445664773E+03));
#546 = CARTESIAN_POINT('',(5.247203249332E+03,4.940653508159E+03));
#547 = CARTESIAN_POINT('',(5.238783621196E+03,4.940900038166E+03));
#548 = CARTESIAN_POINT('',(5.230464689558E+03,4.941185456434E+03));
#549 = CARTESIAN_POINT('',(5.222249661162E+03,4.941509919529E+03));
#550 = CARTESIAN_POINT('',(5.214141702662E+03,4.941873538388E+03));
#551 = CARTESIAN_POINT('',(5.206143939394E+03,4.942276377901E+03));
#552 = CARTESIAN_POINT('',(5.198259454164E+03,4.942718456654E+03));
#553 = CARTESIAN_POINT('',(5.190491286054E+03,4.943199746827E+03));
#554 = CARTESIAN_POINT('',(5.182842429237E+03,4.943720174259E+03));
#555 = CARTESIAN_POINT('',(5.175315831819E+03,4.944279618674E+03));
#556 = CARTESIAN_POINT('',(5.167914394683E+03,4.944877914074E+03));
#557 = CARTESIAN_POINT('',(5.160640970362E+03,4.945514849303E+03));
#558 = CARTESIAN_POINT('',(5.153498361925E+03,4.946190168772E+03));
#559 = CARTESIAN_POINT('',(5.146489321873E+03,4.946903573361E+03));
#560 = CARTESIAN_POINT('',(5.139616551064E+03,4.947654721478E+03));
#561 = CARTESIAN_POINT('',(5.132882697645E+03,4.948443230281E+03));
#562 = CARTESIAN_POINT('',(5.126290356002E+03,4.949268677071E+03));
#563 = CARTESIAN_POINT('',(5.119842065732E+03,4.950130600827E+03));
#564 = CARTESIAN_POINT('',(5.113540310628E+03,4.9510285039E+03));
#565 = CARTESIAN_POINT('',(5.107387517674E+03,4.951961853854E+03));
#566 = CARTESIAN_POINT('',(5.10138605606E+03,4.952930085442E+03));
#567 = CARTESIAN_POINT('',(5.095538236215E+03,4.953932602716E+03));
#568 = CARTESIAN_POINT('',(5.089846308839E+03,4.954968781267E+03));
#569 = CARTESIAN_POINT('',(5.084312463958E+03,4.956037970581E+03));
#570 = CARTESIAN_POINT('',(5.078938829979E+03,4.957139496499E+03));
#571 = CARTESIAN_POINT('',(5.073727472754E+03,4.958272663793E+03));
#572 = CARTESIAN_POINT('',(5.068680394644E+03,4.959436758826E+03));
#573 = CARTESIAN_POINT('',(5.063799533581E+03,4.960631052305E+03));
#574 = CARTESIAN_POINT('',(5.059086762122E+03,4.961854802121E+03));
#575 = CARTESIAN_POINT('',(5.054543886494E+03,4.963107256265E+03));
#576 = CARTESIAN_POINT('',(5.050172645608E+03,4.964387655827E+03));
#577 = CARTESIAN_POINT('',(5.045974710058E+03,4.965695238078E+03));
#578 = CARTESIAN_POINT('',(5.041951681076E+03,4.967029239654E+03));
#579 = CARTESIAN_POINT('',(5.038105089453E+03,4.968388899849E+03));
#580 = CARTESIAN_POINT('',(5.034436394407E+03,4.969773464061E+03));
#581 = CARTESIAN_POINT('',(5.030946982424E+03,4.97118218744E+03));
#582 = CARTESIAN_POINT('',(5.027638166065E+03,4.972614338803E+03));
#583 = CARTESIAN_POINT('',(5.024511182813E+03,4.974069204923E+03));
#584 = CARTESIAN_POINT('',(5.021567194023E+03,4.97554609533E+03));
#585 = CARTESIAN_POINT('',(5.018807284179E+03,4.977044347789E+03));
#586 = CARTESIAN_POINT('',(5.016232460725E+03,4.978563334662E+03));
#587 = CARTESIAN_POINT('',(5.013843655005E+03,4.980102470329E+03));
#588 = CARTESIAN_POINT('',(5.01164172509E+03,4.981661219765E+03));
#589 = CARTESIAN_POINT('',(5.009627461694E+03,4.983239108052E+03));
#590 = CARTESIAN_POINT('',(5.007801598893E+03,4.98483573E+03));
#591 = CARTESIAN_POINT('',(5.006164831293E+03,4.986450757684E+03));
#592 = CARTESIAN_POINT('',(5.004717840198E+03,4.988083942094E+03));
#593 = CARTESIAN_POINT('',(5.003461324673E+03,4.989735101198E+03));
#594 = CARTESIAN_POINT('',(5.002396044184E+03,4.991404089064E+03));
#595 = CARTESIAN_POINT('',(5.001522815969E+03,4.993090727342E+03));
#596 = CARTESIAN_POINT('',(5.000842592981E+03,4.994794743204E+03));
#597 = CARTESIAN_POINT('',(5.000356070115E+03,4.996515593209E+03));
#598 = CARTESIAN_POINT('',(5.000064708111E+03,4.998252738094E+03));
#599 = CARTESIAN_POINT('',(4.999999262825E+03,4.999418097736E+03));
#600 = CARTESIAN_POINT('',(5.E+03,5.E+03));
#601 = ( GEOMETRIC_REPRESENTATION_CONTEXT(2) 
PARAMETRIC_REPRESENTATION_CONTEXT() REPRESENTATION_CONTEXT('2D SPACE',''
  ) );
#602 = PCURVE('',#603,#770);
#603 = SURFACE_OF_LINEAR_EXTRUSION('',#604,#768);
#604 = B_SPLINE_CURVE_WITH_KNOTS('',3,(#605,#606,#607,#608,#609,#610,
    #611,#612,#613,#614,#615,#616,#617,#618,#619,#620,#621,#622,#623,
    #624,#625,#626,#627,#628,#629,#630,#631,#632,#633,#634,#635,#636,
    #637,#638,#639,#640,#641,#642,#643,#644,#645,#646,#647,#648,#649,
    #650,#651,#652,#653,#654,#655,#656,#657,#658,#659,#660,#661,#662,
    #663,#664,#665,#666,#667,#668,#669,#670,#671,#672,#673,#674,#675,
    #676,#677,#678,#679,#680,#681,#682,#683,#684,#685,#686,#687,#688,
    #689,#690,#691,#692,#693,#694,#695,#696,#697,#698,#699,#700,#701,
    #702,#703,#704,#705,#706,#707,#708,#709,#710,#711,#712,#713,#714,
    #715,#716,#717,#718,#719,#720,#721,#722,#723,#724,#725,#726,#727,
    #728,#729,#730,#731,#732,#733,#734,#735,#736,#737,#738,#739,#740,
    #741,#742,#743,#744,#745,#746,#747,#748,#749,#750,#751,#752,#753,
    #754,#755,#756,#757,#758,#759,#760,#761,#762,#763,#764,#765,#766,
    #767),.UNSPECIFIED.,.F.,.F.,(4,1,1,1,1,1,1,1,1,1,1,1,1,1,1,1,1,1,1,1
    ,1,1,1,1,1,1,1,1,1,1,1,1,1,1,1,1,1,1,1,1,1,1,1,1,1,1,1,1,1,1,1,1,1,1
    ,1,1,1,1,1,1,1,1,1,1,1,1,1,1,1,1,1,1,1,1,1,1,1,1,1,1,1,1,1,1,1,1,1,1
    ,1,1,1,1,1,1,1,1,1,1,1,1,1,1,1,1,1,1,1,1,1,1,1,1,1,1,1,1,1,1,1,1,1,1
    ,1,1,1,1,1,1,1,1,1,1,1,1,1,1,1,1,1,1,1,1,1,1,1,1,1,1,1,1,1,1,1,1,1,1
    ,1,1,1,1,4),(0.,9.732373210234E-02,0.389256063505,0.875680420887,
    1.556402586626,2.431150805444,3.499575933277,4.761251627934,
    6.215674581002,7.862264790326,9.700365872323,11.72924541324,
    13.948095358441,16.356032438667,18.952098632184,21.735261661658,
    24.704415524545,27.85838105576,31.19590652133,34.715668241764,
    38.416271243821,42.296249939399,46.354068830259,50.588123237332,
    54.996740053392,59.578178517922,64.330631013032,69.252223879389,
    74.341018251126,79.595010908812,85.012135149627,90.590261673944,
    96.327199487634,102.22069681946,108.26844205305,114.46806467296,
    120.8171362245,127.31317128701,133.95362846043,140.73591136495,
    147.65736965378,154.71530003904,161.90694733083,169.22950548965,
    176.6801186924,184.25588241223,191.95384451251,199.77100635538,
    207.70432392514,215.75070896703,223.90703014189,232.17011419701,
    240.53674715388,249.0036755132,257.56760747776,266.22521419369,
    274.97313101053,283.80795876069,292.72626505878,301.72458562121,
    310.79942560651,319.94726097673,329.16453988036,338.4476840569,
    347.79309026337,357.19713172301,366.65615959606,376.16650447285,
    385.72447788893,395.32637386214,404.96847045137,414.64703133653,
    424.35830741937,434.09853844435,443.86395463902,453.6507783728,
    463.45522583348,473.27350871994,483.10183595018,492.93641538296,
    502.7734555518,512.60916740949,522.43976608145,532.26147262604,
    542.07051579981,551.8631338257,561.63557616194,571.38410526953,
    581.10499837595,590.79454923294,600.44906986591,610.06489231288,
    619.63837035055,629.1658812055,638.64382724834,648.06863766893,
    657.43677013098,666.74471240427,675.9889839733,685.1661376213,
    694.27276098865,703.30547810548,712.26095089824,721.13588067068,
    729.92700955996,738.63112196941,747.24504597962,755.7656547404,
    764.18986784686,772.51465270328,780.73702587955,788.85405446557,
    796.86285742997,804.76060699067,812.54453000568,820.21190939404,
    827.76008559785,835.18645809837,842.48848700045,849.66369470183,
    856.70966766629,863.62405832188,870.40458710913,877.04904470742,
    883.55529447229,889.92127512156,896.14500371439,902.22457897497,
    908.15818502137,913.94409557143,919.58067871078,925.06640232461,
    930.39984031515,935.57967975189,940.60472913259,945.47392797177,
    950.18635798156,954.74125616982,959.13803025604,963.37627689953,
    967.45580335287,971.37665330098,975.1391378297,978.74387269435,
    982.19182333317,985.48435939778,988.623320945,991.61109883119,
    994.45073221545,997.14602629609,999.70169325833,1.00212351852E+03,
    1.00441855211E+03,1.006595320541E+03,1.008664046742E+03,
    1.010636853859E+03,1.012527913466E+03,1.014353483887E+03,
    1.016131778103E+03,1.017882614863E+03,1.019626848686E+03),
  .UNSPECIFIED.);
#605 = CARTESIAN_POINT('',(1.E+03,-1.26,0.));
#606 = CARTESIAN_POINT('',(999.96787345069,-1.264507676133,0.));
#607 = CARTESIAN_POINT('',(999.8393799347,-1.282535525335,0.));
#608 = CARTESIAN_POINT('',(999.55031629477,-1.323081944252,0.));
#609 = CARTESIAN_POINT('',(999.06866737748,-1.390609710333,0.));
#610 = CARTESIAN_POINT('',(998.39461885666,-1.485044567151,0.));
#611 = CARTESIAN_POINT('',(997.5284305756,-1.606282838272,0.));
#612 = CARTESIAN_POINT('',(996.47043644704,-1.754191707686,0.));
#613 = CARTESIAN_POINT('',(995.22104432455,-1.928609577306,0.));
#614 = CARTESIAN_POINT('',(993.78073584561,-2.129346499302,0.));
#615 = CARTESIAN_POINT('',(992.15006624608,-2.35618468054,0.));
#616 = CARTESIAN_POINT('',(990.32966414651,-2.608879055947,0.));
#617 = CARTESIAN_POINT('',(988.32023131004,-2.887157927226,0.));
#618 = CARTESIAN_POINT('',(986.12254237223,-3.190723662888,0.));
#619 = CARTESIAN_POINT('',(983.73744454276,-3.519253455252,0.));
#620 = CARTESIAN_POINT('',(981.16585727919,-3.872400129672,0.));
#621 = CARTESIAN_POINT('',(978.40877193287,-4.249793000971,0.));
#622 = CARTESIAN_POINT('',(975.46725136716,-4.651038771755,0.));
#623 = CARTESIAN_POINT('',(972.34242954806,-5.075722467069,0.));
#624 = CARTESIAN_POINT('',(969.03551110744,-5.523408399639,0.));
#625 = CARTESIAN_POINT('',(965.54777087904,-5.993641159779,0.));
#626 = CARTESIAN_POINT('',(961.88055340738,-6.485946623944,0.));
#627 = CARTESIAN_POINT('',(958.03527242981,-6.999832975794,0.));
#628 = CARTESIAN_POINT('',(954.0134103318,-7.534791733651,0.));
#629 = CARTESIAN_POINT('',(949.81651757584,-8.090298778182,0.));
#630 = CARTESIAN_POINT('',(945.44621210404,-8.665815374254,0.));
#631 = CARTESIAN_POINT('',(940.90417871464,-9.260789180931,0.));
#632 = CARTESIAN_POINT('',(936.1921684128,-9.874655243796,0.));
#633 = CARTESIAN_POINT('',(931.31199773578,-10.5068369639,0.));
#634 = CARTESIAN_POINT('',(926.26554805286,-11.15674703788,0.));
#635 = CARTESIAN_POINT('',(921.0547648402,-11.8237883641,0.));
#636 = CARTESIAN_POINT('',(915.681656931,-12.50735490979,0.));
#637 = CARTESIAN_POINT('',(910.14829574114,-13.20683253477,0.));
#638 = CARTESIAN_POINT('',(904.45681447072,-13.92159976748,0.));
#639 = CARTESIAN_POINT('',(898.6094072817,-14.65102852946,0.));
#640 = CARTESIAN_POINT('',(892.60832845201,-15.39448480499,0.));
#641 = CARTESIAN_POINT('',(886.45589150647,-16.15132925289,0.));
#642 = CARTESIAN_POINT('',(880.15446832485,-16.9209177581,0.));
#643 = CARTESIAN_POINT('',(873.70648822732,-17.70260192095,0.));
#644 = CARTESIAN_POINT('',(867.11443703781,-18.49572948279,0.));
#645 = CARTESIAN_POINT('',(860.3808561255,-19.29964468697,0.));
#646 = CARTESIAN_POINT('',(853.50834142492,-20.11368857476,0.));
#647 = CARTESIAN_POINT('',(846.49954243492,-20.93719921639,0.));
#648 = CARTESIAN_POINT('',(839.35716119702,-21.76951187785,0.));
#649 = CARTESIAN_POINT('',(832.08395125342,-22.60995912463,0.));
#650 = CARTESIAN_POINT('',(824.6827165852,-23.45787086415,0.));
#651 = CARTESIAN_POINT('',(817.156310531,-24.31257432915,0.));
#652 = CARTESIAN_POINT('',(809.5076346867,-25.17339400483,0.));
#653 = CARTESIAN_POINT('',(801.73963778639,-26.03965150287,0.));
#654 = CARTESIAN_POINT('',(793.85531456526,-26.91066538619,0.));
#655 = CARTESIAN_POINT('',(785.85770460468,-27.78575094857,0.));
#656 = CARTESIAN_POINT('',(777.74989115995,-28.66421995372,0.));
#657 = CARTESIAN_POINT('',(769.53499997131,-29.5453803388,0.));
#658 = CARTESIAN_POINT('',(761.21619805844,-30.42853588767,0.));
#659 = CARTESIAN_POINT('',(752.79669249909,-31.31298587966,0.));
#660 = CARTESIAN_POINT('',(744.2797291923,-32.19802471973,0.));
#661 = CARTESIAN_POINT('',(735.6685916066,-33.08294155618,0.));
#662 = CARTESIAN_POINT('',(726.96659951372,-33.96701989242,0.));
#663 = CARTESIAN_POINT('',(718.17710770834,-34.84953719929,0.));
#664 = CARTESIAN_POINT('',(709.30350471434,-35.72976453457,0.));
#665 = CARTESIAN_POINT('',(700.34921147803,-36.60696617656,0.));
#666 = CARTESIAN_POINT('',(691.31768004889,-37.48039927826,0.));
#667 = CARTESIAN_POINT('',(682.21239224834,-38.34931354915,0.));
#668 = CARTESIAN_POINT('',(673.03685832704,-39.21295097098,0.));
#669 = CARTESIAN_POINT('',(663.79461561129,-40.07054555427,0.));
#670 = CARTESIAN_POINT('',(654.4892271389,-40.92132314179,0.));
#671 = CARTESIAN_POINT('',(645.12428028528,-41.76450126511,0.));
#672 = CARTESIAN_POINT('',(635.70338538012,-42.59928906027,0.));
#673 = CARTESIAN_POINT('',(626.23017431526,-43.42488724785,0.));
#674 = CARTESIAN_POINT('',(616.70829914426,-44.24048818288,0.));
#675 = CARTESIAN_POINT('',(607.14143067425,-45.04527597926,0.));
#676 = CARTESIAN_POINT('',(597.53325705055,-45.83842671303,0.));
#677 = CARTESIAN_POINT('',(587.88748233471,-46.6191087085,0.));
#678 = CARTESIAN_POINT('',(578.20782507638,-47.38648291047,0.));
#679 = CARTESIAN_POINT('',(568.49801687967,-48.13970334549,0.));
#680 = CARTESIAN_POINT('',(558.76180096451,-48.87791767433,0.));
#681 = CARTESIAN_POINT('',(549.00293072358,-49.60026783744,0.));
#682 = CARTESIAN_POINT('',(539.22516827541,-50.30589079433,0.));
#683 = CARTESIAN_POINT('',(529.43228301402,-50.99391935747,0.));
#684 = CARTESIAN_POINT('',(519.628050156,-51.66348312023,0.));
#685 = CARTESIAN_POINT('',(509.8162492852,-52.31370947831,0.));
#686 = CARTESIAN_POINT('',(500.00066289593,-52.94372474281,0.));
#687 = CARTESIAN_POINT('',(490.18507493496,-53.55265534291,0.));
#688 = CARTESIAN_POINT('',(480.37326934308,-54.1396291153,0.));
#689 = CARTESIAN_POINT('',(470.56902859668,-54.70377667675,0.));
#690 = CARTESIAN_POINT('',(460.77613224987,-55.24423287568,0.));
#691 = CARTESIAN_POINT('',(450.99835547782,-55.76013831802,0.));
#692 = CARTESIAN_POINT('',(441.23946762178,-56.25064096185,0.));
#693 = CARTESIAN_POINT('',(431.50323073632,-56.71489777489,0.));
#694 = CARTESIAN_POINT('',(421.79339813948,-57.15207644825,0.));
#695 = CARTESIAN_POINT('',(412.11371296613,-57.56135715949,0.));
#696 = CARTESIAN_POINT('',(402.46790672538,-57.9419343772,0.));
#697 = CARTESIAN_POINT('',(392.85969786235,-58.29301869932,0.));
#698 = CARTESIAN_POINT('',(383.29279032497,-58.61383871652,0.));
#699 = CARTESIAN_POINT('',(373.77087213629,-58.90364289212,0.));
#700 = CARTESIAN_POINT('',(364.29761397285,-59.16170144909,0.));
#701 = CARTESIAN_POINT('',(354.87666774965,-59.38730825502,0.));
#702 = CARTESIAN_POINT('',(345.51166521228,-59.57978269526,0.));
#703 = CARTESIAN_POINT('',(336.2062165366,-59.73847152446,0.));
#704 = CARTESIAN_POINT('',(326.96390893669,-59.86275068672,0.));
#705 = CARTESIAN_POINT('',(317.78830528141,-59.95202709423,0.));
#706 = CARTESIAN_POINT('',(308.68294272014,-60.00574035453,0.));
#707 = CARTESIAN_POINT('',(299.65133131826,-60.02336443652,0.));
#708 = CARTESIAN_POINT('',(290.69695270279,-60.00440926535,0.));
#709 = CARTESIAN_POINT('',(281.82325871869,-59.9484222367,0.));
#710 = CARTESIAN_POINT('',(273.03367009634,-59.85498964099,0.));
#711 = CARTESIAN_POINT('',(264.33157513071,-59.7237379885,0.));
#712 = CARTESIAN_POINT('',(255.7203283725,-59.55433522668,0.));
#713 = CARTESIAN_POINT('',(247.20324933206,-59.34649184131,0.));
#714 = CARTESIAN_POINT('',(238.7836211961,-59.09996183367,0.));
#715 = CARTESIAN_POINT('',(230.46468955804,-58.8145435664,0.));
#716 = CARTESIAN_POINT('',(222.24966116216,-58.49008047113,0.));
#717 = CARTESIAN_POINT('',(214.14170266204,-58.1264616119,0.));
#718 = CARTESIAN_POINT('',(206.14393939371,-57.72362209863,0.));
#719 = CARTESIAN_POINT('',(198.25945416388,-57.28154334588,0.));
#720 = CARTESIAN_POINT('',(190.49128605354,-56.80025317278,0.));
#721 = CARTESIAN_POINT('',(182.84242923732,-56.27982574064,0.));
#722 = CARTESIAN_POINT('',(175.31583181891,-55.72038132578,0.));
#723 = CARTESIAN_POINT('',(167.91439468278,-55.12208592563,0.));
#724 = CARTESIAN_POINT('',(160.64097036234,-54.4851506972,0.));
#725 = CARTESIAN_POINT('',(153.49836192488,-53.80983122779,0.));
#726 = CARTESIAN_POINT('',(146.48932187326,-53.09642663854,0.));
#727 = CARTESIAN_POINT('',(139.6165510644,-52.34527852239,0.));
#728 = CARTESIAN_POINT('',(132.88269764463,-51.5567697189,0.));
#729 = CARTESIAN_POINT('',(126.29035600156,-50.7313229289,0.));
#730 = CARTESIAN_POINT('',(119.84206573245,-49.86939917318,0.));
#731 = CARTESIAN_POINT('',(113.54031062834,-48.97149609984,0.));
#732 = CARTESIAN_POINT('',(107.38751767369,-48.03814614576,0.));
#733 = CARTESIAN_POINT('',(101.38605606038,-47.06991455834,0.));
#734 = CARTESIAN_POINT('',(95.538236215233,-46.06739728432,0.));
#735 = CARTESIAN_POINT('',(89.846308839467,-45.03121873265,0.));
#736 = CARTESIAN_POINT('',(84.312463958465,-43.96202941919,0.));
#737 = CARTESIAN_POINT('',(78.938829979423,-42.86050350085,0.));
#738 = CARTESIAN_POINT('',(73.727472754193,-41.72733620684,0.));
#739 = CARTESIAN_POINT('',(68.680394643823,-40.56324117436,0.));
#740 = CARTESIAN_POINT('',(63.799533580582,-39.36894769528,0.));
#741 = CARTESIAN_POINT('',(59.086762122461,-38.14519787906,0.));
#742 = CARTESIAN_POINT('',(54.543886494223,-36.89274373486,0.));
#743 = CARTESIAN_POINT('',(50.172645608266,-35.61234417309,0.));
#744 = CARTESIAN_POINT('',(45.974710057981,-34.30476192163,0.));
#745 = CARTESIAN_POINT('',(41.951681076205,-32.97076034567,0.));
#746 = CARTESIAN_POINT('',(38.105089452587,-31.61110015117,0.));
#747 = CARTESIAN_POINT('',(34.436394407015,-30.22653593895,0.));
#748 = CARTESIAN_POINT('',(30.946982423743,-28.81781255961,0.));
#749 = CARTESIAN_POINT('',(27.638166065417,-27.38566119676,0.));
#750 = CARTESIAN_POINT('',(24.511182812858,-25.9307950769,0.));
#751 = CARTESIAN_POINT('',(21.567194023284,-24.45390467029,0.));
#752 = CARTESIAN_POINT('',(18.807284178531,-22.95565221088,0.));
#753 = CARTESIAN_POINT('',(16.232460724754,-21.43666533761,0.));
#754 = CARTESIAN_POINT('',(13.84365500455,-19.89752967061,0.));
#755 = CARTESIAN_POINT('',(11.641725090098,-18.33878023511,0.));
#756 = CARTESIAN_POINT('',(9.62746169403,-16.76089194756,0.));
#757 = CARTESIAN_POINT('',(7.801598892715,-15.16426999961,0.));
#758 = CARTESIAN_POINT('',(6.164831293493,-13.54924231569,0.));
#759 = CARTESIAN_POINT('',(4.717840198313,-11.91605790604,0.));
#760 = CARTESIAN_POINT('',(3.461324672837,-10.2648988016,0.));
#761 = CARTESIAN_POINT('',(2.396044184249,-8.595910935836,0.));
#762 = CARTESIAN_POINT('',(1.5228159687,-6.909272658008,0.));
#763 = CARTESIAN_POINT('',(0.842592980534,-5.205256796043,0.));
#764 = CARTESIAN_POINT('',(0.356070115317,-3.484406791368,0.));
#765 = CARTESIAN_POINT('',(6.470811096604E-02,-1.747261905531,0.));
#766 = CARTESIAN_POINT('',(-7.371754410739E-04,-0.581902264481,-0.));
#767 = CARTESIAN_POINT('',(0.,0.,0.));
#768 = VECTOR('',#769,1.);
#769 = DIRECTION('',(-0.,-0.,-1.));
#770 = DEFINITIONAL_REPRESENTATION('',(#771),#775);
#771 = LINE('',#772,#773);
#772 = CARTESIAN_POINT('',(0.,-200.));
#773 = VECTOR('',#774,1.);
#774 = DIRECTION('',(1.,0.));
#775 = ( GEOMETRIC_REPRESENTATION_CONTEXT(2) 
PARAMETRIC_REPRESENTATION_CONTEXT() REPRESENTATION_CONTEXT('2D SPACE',''
  ) );
#776 = ORIENTED_EDGE('',*,*,#777,.T.);
#777 = EDGE_CURVE('',#268,#778,#780,.T.);
#778 = VERTEX_POINT('',#779);
#779 = CARTESIAN_POINT('',(1.E+03,1.26,200.));
#780 = SURFACE_CURVE('',#781,(#945,#1112),.PCURVE_S1.);
#781 = B_SPLINE_CURVE_WITH_KNOTS('',3,(#782,#783,#784,#785,#786,#787,
    #788,#789,#790,#791,#792,#793,#794,#795,#796,#797,#798,#799,#800,
    #801,#802,#803,#804,#805,#806,#807,#808,#809,#810,#811,#812,#813,
    #814,#815,#816,#817,#818,#819,#820,#821,#822,#823,#824,#825,#826,
    #827,#828,#829,#830,#831,#832,#833,#834,#835,#836,#837,#838,#839,
    #840,#841,#842,#843,#844,#845,#846,#847,#848,#849,#850,#851,#852,
    #853,#854,#855,#856,#857,#858,#859,#860,#861,#862,#863,#864,#865,
    #866,#867,#868,#869,#870,#871,#872,#873,#874,#875,#876,#877,#878,
    #879,#880,#881,#882,#883,#884,#885,#886,#887,#888,#889,#890,#891,
    #892,#893,#894,#895,#896,#897,#898,#899,#900,#901,#902,#903,#904,
    #905,#906,#907,#908,#909,#910,#911,#912,#913,#914,#915,#916,#917,
    #918,#919,#920,#921,#922,#923,#924,#925,#926,#927,#928,#929,#930,
    #931,#932,#933,#934,#935,#936,#937,#938,#939,#940,#941,#942,#943,
    #944),.UNSPECIFIED.,.F.,.F.,(4,1,1,1,1,1,1,1,1,1,1,1,1,1,1,1,1,1,1,1
    ,1,1,1,1,1,1,1,1,1,1,1,1,1,1,1,1,1,1,1,1,1,1,1,1,1,1,1,1,1,1,1,1,1,1
    ,1,1,1,1,1,1,1,1,1,1,1,1,1,1,1,1,1,1,1,1,1,1,1,1,1,1,1,1,1,1,1,1,1,1
    ,1,1,1,1,1,1,1,1,1,1,1,1,1,1,1,1,1,1,1,1,1,1,1,1,1,1,1,1,1,1,1,1,1,1
    ,1,1,1,1,1,1,1,1,1,1,1,1,1,1,1,1,1,1,1,1,1,1,1,1,1,1,1,1,1,1,1,1,1,1
    ,1,1,1,1,4),(0.,1.744233823461,3.495070583323,5.273364799342,
    7.098935220263,8.989994827127,10.962801943543,13.031528144762,
    15.208296575545,17.503330166296,19.925155427638,22.480822389875,
    25.176116470512,28.015749854775,31.003527740964,34.142489288184,
    37.435025352801,40.882975991619,44.487710856264,48.250195384991,
    52.171045333094,56.250571786439,60.488818429929,64.885592516144,
    69.440490704405,74.152920714193,79.022119553379,84.047168934077,
    89.227008370813,94.560446361352,100.04616997518,105.68275311453,
    111.46866366459,117.40226971099,123.48184497157,129.70557356441,
    136.07155421367,142.57780397854,149.22226157683,156.00279036408,
    162.91718101967,169.96315398413,177.13836168551,184.44039058759,
    191.86676308811,199.41493929192,207.08231868028,214.8662416953,
    222.76399125599,230.77279422039,238.88982280641,247.11219598268,
    255.4369808391,263.86119394556,272.38180270634,280.99572671655,
    289.69983912601,298.49096801529,307.36589778772,316.32137058048,
    325.35408769732,334.46071106467,343.63786471266,352.88213628169,
    362.19007855498,371.55821101703,380.98302143763,390.46096748046,
    399.98847833541,409.56195637309,419.17777882005,428.83229945302,
    438.52185031001,448.24274341643,457.99127252402,467.76371486026,
    477.55633288615,487.36537605992,497.18708260451,507.01768127647,
    516.85339313416,526.690433303,536.52501273578,546.35333996602,
    556.17162285248,565.97607031316,575.76289404695,585.52831024161,
    595.26854126659,604.97981734943,614.6583782346,624.30047482382,
    633.90237079703,643.46034421311,652.97068908991,662.42971696296,
    671.83375842259,681.17916462906,690.4623088056,699.67958770923,
    708.82742307946,717.90226306475,726.90058362718,735.81888992528,
    744.65371767544,753.40163449227,762.0592412082,770.62317317276,
    779.09010153208,787.45673448895,795.71981854407,803.87613971893,
    811.92252476083,819.85584233058,827.67300417345,835.37096627374,
    842.94672999357,850.39734319631,857.71990135513,864.91154864692,
    871.96947903218,878.89093732101,885.67322022553,892.31367739895,
    898.80971246147,905.158784013,911.35840663291,917.4061518665,
    923.29964919833,929.03658701202,934.61471353634,940.03183777716,
    945.28583043484,950.37462480658,955.29621767294,960.04867016805,
    964.63010863257,969.03872544864,973.27277985571,977.33059874657,
    981.21057744215,984.9111804442,988.43094216464,991.76846763021,
    994.92243316142,997.89158702431,1.000674750054E+03,
    1.003270816247E+03,1.005678753328E+03,1.007897603273E+03,
    1.009926482814E+03,1.011764583896E+03,1.013411174105E+03,
    1.014865597058E+03,1.016127272753E+03,1.017195697881E+03,
    1.018070446099E+03,1.018751168265E+03,1.019237592622E+03,
    1.019529524954E+03,1.019626848686E+03),.UNSPECIFIED.);
#782 = CARTESIAN_POINT('',(0.,0.,200.));
#783 = CARTESIAN_POINT('',(-7.371754410738E-04,0.581902264481,200.));
#784 = CARTESIAN_POINT('',(6.470811096604E-02,1.747261905531,200.));
#785 = CARTESIAN_POINT('',(0.356070115317,3.484406791368,200.));
#786 = CARTESIAN_POINT('',(0.842592980534,5.205256796043,200.));
#787 = CARTESIAN_POINT('',(1.5228159687,6.909272658008,200.));
#788 = CARTESIAN_POINT('',(2.396044184249,8.595910935836,200.));
#789 = CARTESIAN_POINT('',(3.461324672837,10.264898801608,200.));
#790 = CARTESIAN_POINT('',(4.717840198313,11.916057906046,200.));
#791 = CARTESIAN_POINT('',(6.164831293493,13.549242315698,200.));
#792 = CARTESIAN_POINT('',(7.801598892715,15.16426999961,200.));
#793 = CARTESIAN_POINT('',(9.62746169403,16.760891947568,200.));
#794 = CARTESIAN_POINT('',(11.641725090098,18.338780235117,200.));
#795 = CARTESIAN_POINT('',(13.84365500455,19.897529670618,200.));
#796 = CARTESIAN_POINT('',(16.232460724754,21.43666533761,200.));
#797 = CARTESIAN_POINT('',(18.807284178531,22.955652210885,200.));
#798 = CARTESIAN_POINT('',(21.567194023284,24.453904670291,200.));
#799 = CARTESIAN_POINT('',(24.511182812858,25.9307950769,200.));
#800 = CARTESIAN_POINT('',(27.638166065417,27.385661196761,200.));
#801 = CARTESIAN_POINT('',(30.946982423743,28.817812559618,200.));
#802 = CARTESIAN_POINT('',(34.436394407015,30.226535938954,200.));
#803 = CARTESIAN_POINT('',(38.105089452587,31.611100151178,200.));
#804 = CARTESIAN_POINT('',(41.951681076205,32.970760345676,200.));
#805 = CARTESIAN_POINT('',(45.974710057981,34.304761921634,200.));
#806 = CARTESIAN_POINT('',(50.172645608266,35.612344173098,200.));
#807 = CARTESIAN_POINT('',(54.543886494223,36.892743734861,200.));
#808 = CARTESIAN_POINT('',(59.086762122461,38.145197879062,200.));
#809 = CARTESIAN_POINT('',(63.799533580582,39.368947695289,200.));
#810 = CARTESIAN_POINT('',(68.680394643823,40.563241174363,200.));
#811 = CARTESIAN_POINT('',(73.727472754193,41.727336206846,200.));
#812 = CARTESIAN_POINT('',(78.938829979423,42.860503500856,200.));
#813 = CARTESIAN_POINT('',(84.312463958465,43.962029419193,200.));
#814 = CARTESIAN_POINT('',(89.846308839467,45.031218732651,200.));
#815 = CARTESIAN_POINT('',(95.538236215233,46.067397284326,200.));
#816 = CARTESIAN_POINT('',(101.38605606038,47.069914558348,200.));
#817 = CARTESIAN_POINT('',(107.38751767369,48.038146145762,200.));
#818 = CARTESIAN_POINT('',(113.54031062834,48.971496099847,200.));
#819 = CARTESIAN_POINT('',(119.84206573245,49.869399173184,200.));
#820 = CARTESIAN_POINT('',(126.29035600156,50.731322928901,200.));
#821 = CARTESIAN_POINT('',(132.88269764463,51.556769718904,200.));
#822 = CARTESIAN_POINT('',(139.6165510644,52.345278522398,200.));
#823 = CARTESIAN_POINT('',(146.48932187326,53.096426638543,200.));
#824 = CARTESIAN_POINT('',(153.49836192488,53.809831227798,200.));
#825 = CARTESIAN_POINT('',(160.64097036234,54.485150697207,200.));
#826 = CARTESIAN_POINT('',(167.91439468278,55.122085925634,200.));
#827 = CARTESIAN_POINT('',(175.31583181891,55.720381325787,200.));
#828 = CARTESIAN_POINT('',(182.84242923732,56.279825740645,200.));
#829 = CARTESIAN_POINT('',(190.49128605354,56.80025317278,200.));
#830 = CARTESIAN_POINT('',(198.25945416388,57.281543345883,200.));
#831 = CARTESIAN_POINT('',(206.14393939371,57.723622098632,200.));
#832 = CARTESIAN_POINT('',(214.14170266204,58.126461611906,200.));
#833 = CARTESIAN_POINT('',(222.24966116216,58.490080471136,200.));
#834 = CARTESIAN_POINT('',(230.46468955804,58.814543566404,200.));
#835 = CARTESIAN_POINT('',(238.7836211961,59.099961833677,200.));
#836 = CARTESIAN_POINT('',(247.20324933206,59.34649184131,200.));
#837 = CARTESIAN_POINT('',(255.7203283725,59.554335226682,200.));
#838 = CARTESIAN_POINT('',(264.3315751307,59.723737988505,200.));
#839 = CARTESIAN_POINT('',(273.03367009634,59.854989640997,200.));
#840 = CARTESIAN_POINT('',(281.82325871869,59.948422236708,200.));
#841 = CARTESIAN_POINT('',(290.69695270279,60.004409265356,200.));
#842 = CARTESIAN_POINT('',(299.65133131826,60.023364436525,200.));
#843 = CARTESIAN_POINT('',(308.68294272014,60.005740354538,200.));
#844 = CARTESIAN_POINT('',(317.78830528141,59.952027094236,200.));
#845 = CARTESIAN_POINT('',(326.96390893669,59.862750686726,200.));
#846 = CARTESIAN_POINT('',(336.2062165366,59.738471524462,200.));
#847 = CARTESIAN_POINT('',(345.51166521228,59.57978269526,200.));
#848 = CARTESIAN_POINT('',(354.87666774965,59.387308255027,200.));
#849 = CARTESIAN_POINT('',(364.29761397285,59.161701449097,200.));
#850 = CARTESIAN_POINT('',(373.77087213629,58.903642892127,200.));
#851 = CARTESIAN_POINT('',(383.29279032497,58.613838716529,200.));
#852 = CARTESIAN_POINT('',(392.85969786235,58.293018699323,200.));
#853 = CARTESIAN_POINT('',(402.46790672538,57.941934377209,200.));
#854 = CARTESIAN_POINT('',(412.11371296613,57.561357159493,200.));
#855 = CARTESIAN_POINT('',(421.79339813948,57.152076448253,200.));
#856 = CARTESIAN_POINT('',(431.50323073632,56.71489777489,200.));
#857 = CARTESIAN_POINT('',(441.23946762178,56.250640961859,200.));
#858 = CARTESIAN_POINT('',(450.99835547782,55.760138318028,200.));
#859 = CARTESIAN_POINT('',(460.77613224987,55.244232875685,200.));
#860 = CARTESIAN_POINT('',(470.56902859668,54.703776676753,200.));
#861 = CARTESIAN_POINT('',(480.37326934308,54.139629115305,200.));
#862 = CARTESIAN_POINT('',(490.18507493496,53.552655342911,200.));
#863 = CARTESIAN_POINT('',(500.00066289593,52.943724742812,200.));
#864 = CARTESIAN_POINT('',(509.8162492852,52.313709478319,200.));
#865 = CARTESIAN_POINT('',(519.628050156,51.663483120237,200.));
#866 = CARTESIAN_POINT('',(529.43228301402,50.993919357472,200.));
#867 = CARTESIAN_POINT('',(539.22516827541,50.305890794339,200.));
#868 = CARTESIAN_POINT('',(549.00293072358,49.600267837442,200.));
#869 = CARTESIAN_POINT('',(558.76180096451,48.877917674337,200.));
#870 = CARTESIAN_POINT('',(568.49801687967,48.139703345496,200.));
#871 = CARTESIAN_POINT('',(578.20782507638,47.386482910478,200.));
#872 = CARTESIAN_POINT('',(587.88748233471,46.619108708505,200.));
#873 = CARTESIAN_POINT('',(597.53325705055,45.838426713036,200.));
#874 = CARTESIAN_POINT('',(607.14143067425,45.045275979266,200.));
#875 = CARTESIAN_POINT('',(616.70829914426,44.240488182889,200.));
#876 = CARTESIAN_POINT('',(626.23017431526,43.424887247855,200.));
#877 = CARTESIAN_POINT('',(635.70338538012,42.599289060275,200.));
#878 = CARTESIAN_POINT('',(645.12428028528,41.764501265117,200.));
#879 = CARTESIAN_POINT('',(654.4892271389,40.921323141793,200.));
#880 = CARTESIAN_POINT('',(663.79461561129,40.070545554279,200.));
#881 = CARTESIAN_POINT('',(673.03685832704,39.212950970984,200.));
#882 = CARTESIAN_POINT('',(682.21239224834,38.349313549153,200.));
#883 = CARTESIAN_POINT('',(691.31768004889,37.480399278264,200.));
#884 = CARTESIAN_POINT('',(700.34921147803,36.606966176562,200.));
#885 = CARTESIAN_POINT('',(709.30350471434,35.729764534576,200.));
#886 = CARTESIAN_POINT('',(718.17710770834,34.849537199291,200.));
#887 = CARTESIAN_POINT('',(726.96659951372,33.967019892426,200.));
#888 = CARTESIAN_POINT('',(735.6685916066,33.082941556185,200.));
#889 = CARTESIAN_POINT('',(744.2797291923,32.198024719738,200.));
#890 = CARTESIAN_POINT('',(752.79669249909,31.312985879669,200.));
#891 = CARTESIAN_POINT('',(761.21619805844,30.428535887674,200.));
#892 = CARTESIAN_POINT('',(769.53499997131,29.545380338805,200.));
#893 = CARTESIAN_POINT('',(777.74989115995,28.664219953727,200.));
#894 = CARTESIAN_POINT('',(785.85770460468,27.78575094857,200.));
#895 = CARTESIAN_POINT('',(793.85531456526,26.91066538619,200.));
#896 = CARTESIAN_POINT('',(801.73963778639,26.039651502875,200.));
#897 = CARTESIAN_POINT('',(809.5076346867,25.173394004839,200.));
#898 = CARTESIAN_POINT('',(817.156310531,24.312574329158,200.));
#899 = CARTESIAN_POINT('',(824.6827165852,23.457870864152,200.));
#900 = CARTESIAN_POINT('',(832.08395125342,22.609959124637,200.));
#901 = CARTESIAN_POINT('',(839.35716119702,21.769511877858,200.));
#902 = CARTESIAN_POINT('',(846.49954243492,20.937199216395,200.));
#903 = CARTESIAN_POINT('',(853.50834142492,20.113688574762,200.));
#904 = CARTESIAN_POINT('',(860.3808561255,19.299644686975,200.));
#905 = CARTESIAN_POINT('',(867.11443703781,18.495729482797,200.));
#906 = CARTESIAN_POINT('',(873.70648822732,17.702601920955,200.));
#907 = CARTESIAN_POINT('',(880.15446832485,16.920917758104,200.));
#908 = CARTESIAN_POINT('',(886.45589150647,16.151329252895,200.));
#909 = CARTESIAN_POINT('',(892.60832845201,15.394484804992,200.));
#910 = CARTESIAN_POINT('',(898.6094072817,14.651028529467,200.));
#911 = CARTESIAN_POINT('',(904.45681447072,13.921599767487,200.));
#912 = CARTESIAN_POINT('',(910.14829574114,13.206832534775,200.));
#913 = CARTESIAN_POINT('',(915.681656931,12.50735490979,200.));
#914 = CARTESIAN_POINT('',(921.0547648402,11.823788364104,200.));
#915 = CARTESIAN_POINT('',(926.26554805286,11.156747037887,200.));
#916 = CARTESIAN_POINT('',(931.31199773578,10.5068369639,200.));
#917 = CARTESIAN_POINT('',(936.1921684128,9.874655243796,200.));
#918 = CARTESIAN_POINT('',(940.90417871464,9.260789180931,200.));
#919 = CARTESIAN_POINT('',(945.44621210404,8.665815374254,200.));
#920 = CARTESIAN_POINT('',(949.81651757584,8.090298778182,200.));
#921 = CARTESIAN_POINT('',(954.0134103318,7.534791733651,200.));
#922 = CARTESIAN_POINT('',(958.03527242981,6.999832975794,200.));
#923 = CARTESIAN_POINT('',(961.88055340738,6.485946623944,200.));
#924 = CARTESIAN_POINT('',(965.54777087904,5.993641159779,200.));
#925 = CARTESIAN_POINT('',(969.03551110744,5.523408399639,200.));
#926 = CARTESIAN_POINT('',(972.34242954806,5.075722467069,200.));
#927 = CARTESIAN_POINT('',(975.46725136716,4.651038771755,200.));
#928 = CARTESIAN_POINT('',(978.40877193287,4.249793000971,200.));
#929 = CARTESIAN_POINT('',(981.16585727919,3.872400129672,200.));
#930 = CARTESIAN_POINT('',(983.73744454276,3.519253455252,200.));
#931 = CARTESIAN_POINT('',(986.12254237223,3.190723662888,200.));
#932 = CARTESIAN_POINT('',(988.32023131003,2.887157927226,200.));
#933 = CARTESIAN_POINT('',(990.32966414651,2.608879055947,200.));
#934 = CARTESIAN_POINT('',(992.15006624608,2.35618468054,200.));
#935 = CARTESIAN_POINT('',(993.78073584561,2.129346499302,200.));
#936 = CARTESIAN_POINT('',(995.22104432455,1.928609577306,200.));
#937 = CARTESIAN_POINT('',(996.47043644704,1.754191707686,200.));
#938 = CARTESIAN_POINT('',(997.5284305756,1.606282838272,200.));
#939 = CARTESIAN_POINT('',(998.39461885666,1.485044567151,200.));
#940 = CARTESIAN_POINT('',(999.06866737748,1.390609710333,200.));
#941 = CARTESIAN_POINT('',(999.55031629477,1.323081944252,200.));
#942 = CARTESIAN_POINT('',(999.8393799347,1.282535525335,200.));
#943 = CARTESIAN_POINT('',(999.96787345069,1.264507676133,200.));
#944 = CARTESIAN_POINT('',(1.E+03,1.26,200.));
#945 = PCURVE('',#126,#946);
#946 = DEFINITIONAL_REPRESENTATION('',(#947),#1111);
#947 = B_SPLINE_CURVE_WITH_KNOTS('',3,(#948,#949,#950,#951,#952,#953,
    #954,#955,#956,#957,#958,#959,#960,#961,#962,#963,#964,#965,#966,
    #967,#968,#969,#970,#971,#972,#973,#974,#975,#976,#977,#978,#979,
    #980,#981,#982,#983,#984,#985,#986,#987,#988,#989,#990,#991,#992,
    #993,#994,#995,#996,#997,#998,#999,#1000,#1001,#1002,#1003,#1004,
    #1005,#1006,#1007,#1008,#1009,#1010,#1011,#1012,#1013,#1014,#1015,
    #1016,#1017,#1018,#1019,#1020,#1021,#1022,#1023,#1024,#1025,#1026,
    #1027,#1028,#1029,#1030,#1031,#1032,#1033,#1034,#1035,#1036,#1037,
    #1038,#1039,#1040,#1041,#1042,#1043,#1044,#1045,#1046,#1047,#1048,
    #1049,#1050,#1051,#1052,#1053,#1054,#1055,#1056,#1057,#1058,#1059,
    #1060,#1061,#1062,#1063,#1064,#1065,#1066,#1067,#1068,#1069,#1070,
    #1071,#1072,#1073,#1074,#1075,#1076,#1077,#1078,#1079,#1080,#1081,
    #1082,#1083,#1084,#1085,#1086,#1087,#1088,#1089,#1090,#1091,#1092,
    #1093,#1094,#1095,#1096,#1097,#1098,#1099,#1100,#1101,#1102,#1103,
    #1104,#1105,#1106,#1107,#1108,#1109,#1110),.UNSPECIFIED.,.F.,.F.,(4,
    1,1,1,1,1,1,1,1,1,1,1,1,1,1,1,1,1,1,1,1,1,1,1,1,1,1,1,1,1,1,1,1,1,1,
    1,1,1,1,1,1,1,1,1,1,1,1,1,1,1,1,1,1,1,1,1,1,1,1,1,1,1,1,1,1,1,1,1,1,
    1,1,1,1,1,1,1,1,1,1,1,1,1,1,1,1,1,1,1,1,1,1,1,1,1,1,1,1,1,1,1,1,1,1,
    1,1,1,1,1,1,1,1,1,1,1,1,1,1,1,1,1,1,1,1,1,1,1,1,1,1,1,1,1,1,1,1,1,1,
    1,1,1,1,1,1,1,1,1,1,1,1,1,1,1,1,1,1,1,1,1,1,1,4),(0.,1.744233823461,
    3.495070583323,5.273364799342,7.098935220263,8.989994827127,
    10.962801943543,13.031528144762,15.208296575545,17.503330166296,
    19.925155427638,22.480822389875,25.176116470512,28.015749854775,
    31.003527740964,34.142489288184,37.435025352801,40.882975991619,
    44.487710856264,48.250195384991,52.171045333094,56.250571786439,
    60.488818429929,64.885592516144,69.440490704405,74.152920714193,
    79.022119553379,84.047168934077,89.227008370813,94.560446361352,
    100.04616997518,105.68275311453,111.46866366459,117.40226971099,
    123.48184497157,129.70557356441,136.07155421367,142.57780397854,
    149.22226157683,156.00279036408,162.91718101967,169.96315398413,
    177.13836168551,184.44039058759,191.86676308811,199.41493929192,
    207.08231868028,214.8662416953,222.76399125599,230.77279422039,
    238.88982280641,247.11219598268,255.4369808391,263.86119394556,
    272.38180270634,280.99572671655,289.69983912601,298.49096801529,
    307.36589778772,316.32137058048,325.35408769732,334.46071106467,
    343.63786471266,352.88213628169,362.19007855498,371.55821101703,
    380.98302143763,390.46096748046,399.98847833541,409.56195637309,
    419.17777882005,428.83229945302,438.52185031001,448.24274341643,
    457.99127252402,467.76371486026,477.55633288615,487.36537605992,
    497.18708260451,507.01768127647,516.85339313416,526.690433303,
    536.52501273578,546.35333996602,556.17162285248,565.97607031316,
    575.76289404695,585.52831024161,595.26854126659,604.97981734943,
    614.6583782346,624.30047482382,633.90237079703,643.46034421311,
    652.97068908991,662.42971696296,671.83375842259,681.17916462906,
    690.4623088056,699.67958770923,708.82742307946,717.90226306475,
    726.90058362718,735.81888992528,744.65371767544,753.40163449227,
    762.0592412082,770.62317317276,779.09010153208,787.45673448895,
    795.71981854407,803.87613971893,811.92252476083,819.85584233058,
    827.67300417345,835.37096627374,842.94672999357,850.39734319631,
    857.71990135513,864.91154864692,871.96947903218,878.89093732101,
    885.67322022553,892.31367739895,898.80971246147,905.158784013,
    911.35840663291,917.4061518665,923.29964919833,929.03658701202,
    934.61471353634,940.03183777716,945.28583043484,950.37462480658,
    955.29621767294,960.04867016805,964.63010863257,969.03872544864,
    973.27277985571,977.33059874657,981.21057744215,984.9111804442,
    988.43094216464,991.76846763021,994.92243316142,997.89158702431,
    1.000674750054E+03,1.003270816247E+03,1.005678753328E+03,
    1.007897603273E+03,1.009926482814E+03,1.011764583896E+03,
    1.013411174105E+03,1.014865597058E+03,1.016127272753E+03,
    1.017195697881E+03,1.018070446099E+03,1.018751168265E+03,
    1.019237592622E+03,1.019529524954E+03,1.019626848686E+03),
  .UNSPECIFIED.);
#948 = CARTESIAN_POINT('',(5.E+03,5.E+03));
#949 = CARTESIAN_POINT('',(4.999999262825E+03,5.000581902264E+03));
#950 = CARTESIAN_POINT('',(5.000064708111E+03,5.001747261906E+03));
#951 = CARTESIAN_POINT('',(5.000356070115E+03,5.003484406791E+03));
#952 = CARTESIAN_POINT('',(5.000842592981E+03,5.005205256796E+03));
#953 = CARTESIAN_POINT('',(5.001522815969E+03,5.006909272658E+03));
#954 = CARTESIAN_POINT('',(5.002396044184E+03,5.008595910936E+03));
#955 = CARTESIAN_POINT('',(5.003461324673E+03,5.010264898802E+03));
#956 = CARTESIAN_POINT('',(5.004717840198E+03,5.011916057906E+03));
#957 = CARTESIAN_POINT('',(5.006164831293E+03,5.013549242316E+03));
#958 = CARTESIAN_POINT('',(5.007801598893E+03,5.01516427E+03));
#959 = CARTESIAN_POINT('',(5.009627461694E+03,5.016760891948E+03));
#960 = CARTESIAN_POINT('',(5.01164172509E+03,5.018338780235E+03));
#961 = CARTESIAN_POINT('',(5.013843655005E+03,5.019897529671E+03));
#962 = CARTESIAN_POINT('',(5.016232460725E+03,5.021436665338E+03));
#963 = CARTESIAN_POINT('',(5.018807284179E+03,5.022955652211E+03));
#964 = CARTESIAN_POINT('',(5.021567194023E+03,5.02445390467E+03));
#965 = CARTESIAN_POINT('',(5.024511182813E+03,5.025930795077E+03));
#966 = CARTESIAN_POINT('',(5.027638166065E+03,5.027385661197E+03));
#967 = CARTESIAN_POINT('',(5.030946982424E+03,5.02881781256E+03));
#968 = CARTESIAN_POINT('',(5.034436394407E+03,5.030226535939E+03));
#969 = CARTESIAN_POINT('',(5.038105089453E+03,5.031611100151E+03));
#970 = CARTESIAN_POINT('',(5.041951681076E+03,5.032970760346E+03));
#971 = CARTESIAN_POINT('',(5.045974710058E+03,5.034304761922E+03));
#972 = CARTESIAN_POINT('',(5.050172645608E+03,5.035612344173E+03));
#973 = CARTESIAN_POINT('',(5.054543886494E+03,5.036892743735E+03));
#974 = CARTESIAN_POINT('',(5.059086762122E+03,5.038145197879E+03));
#975 = CARTESIAN_POINT('',(5.063799533581E+03,5.039368947695E+03));
#976 = CARTESIAN_POINT('',(5.068680394644E+03,5.040563241174E+03));
#977 = CARTESIAN_POINT('',(5.073727472754E+03,5.041727336207E+03));
#978 = CARTESIAN_POINT('',(5.078938829979E+03,5.042860503501E+03));
#979 = CARTESIAN_POINT('',(5.084312463958E+03,5.043962029419E+03));
#980 = CARTESIAN_POINT('',(5.089846308839E+03,5.045031218733E+03));
#981 = CARTESIAN_POINT('',(5.095538236215E+03,5.046067397284E+03));
#982 = CARTESIAN_POINT('',(5.10138605606E+03,5.047069914558E+03));
#983 = CARTESIAN_POINT('',(5.107387517674E+03,5.048038146146E+03));
#984 = CARTESIAN_POINT('',(5.113540310628E+03,5.0489714961E+03));
#985 = CARTESIAN_POINT('',(5.119842065732E+03,5.049869399173E+03));
#986 = CARTESIAN_POINT('',(5.126290356002E+03,5.050731322929E+03));
#987 = CARTESIAN_POINT('',(5.132882697645E+03,5.051556769719E+03));
#988 = CARTESIAN_POINT('',(5.139616551064E+03,5.052345278522E+03));
#989 = CARTESIAN_POINT('',(5.146489321873E+03,5.053096426639E+03));
#990 = CARTESIAN_POINT('',(5.153498361925E+03,5.053809831228E+03));
#991 = CARTESIAN_POINT('',(5.160640970362E+03,5.054485150697E+03));
#992 = CARTESIAN_POINT('',(5.167914394683E+03,5.055122085926E+03));
#993 = CARTESIAN_POINT('',(5.175315831819E+03,5.055720381326E+03));
#994 = CARTESIAN_POINT('',(5.182842429237E+03,5.056279825741E+03));
#995 = CARTESIAN_POINT('',(5.190491286054E+03,5.056800253173E+03));
#996 = CARTESIAN_POINT('',(5.198259454164E+03,5.057281543346E+03));
#997 = CARTESIAN_POINT('',(5.206143939394E+03,5.057723622099E+03));
#998 = CARTESIAN_POINT('',(5.214141702662E+03,5.058126461612E+03));
#999 = CARTESIAN_POINT('',(5.222249661162E+03,5.058490080471E+03));
#1000 = CARTESIAN_POINT('',(5.230464689558E+03,5.058814543566E+03));
#1001 = CARTESIAN_POINT('',(5.238783621196E+03,5.059099961834E+03));
#1002 = CARTESIAN_POINT('',(5.247203249332E+03,5.059346491841E+03));
#1003 = CARTESIAN_POINT('',(5.255720328373E+03,5.059554335227E+03));
#1004 = CARTESIAN_POINT('',(5.264331575131E+03,5.059723737989E+03));
#1005 = CARTESIAN_POINT('',(5.273033670096E+03,5.059854989641E+03));
#1006 = CARTESIAN_POINT('',(5.281823258719E+03,5.059948422237E+03));
#1007 = CARTESIAN_POINT('',(5.290696952703E+03,5.060004409265E+03));
#1008 = CARTESIAN_POINT('',(5.299651331318E+03,5.060023364437E+03));
#1009 = CARTESIAN_POINT('',(5.30868294272E+03,5.060005740355E+03));
#1010 = CARTESIAN_POINT('',(5.317788305281E+03,5.059952027094E+03));
#1011 = CARTESIAN_POINT('',(5.326963908937E+03,5.059862750687E+03));
#1012 = CARTESIAN_POINT('',(5.336206216537E+03,5.059738471524E+03));
#1013 = CARTESIAN_POINT('',(5.345511665212E+03,5.059579782695E+03));
#1014 = CARTESIAN_POINT('',(5.35487666775E+03,5.059387308255E+03));
#1015 = CARTESIAN_POINT('',(5.364297613973E+03,5.059161701449E+03));
#1016 = CARTESIAN_POINT('',(5.373770872136E+03,5.058903642892E+03));
#1017 = CARTESIAN_POINT('',(5.383292790325E+03,5.058613838717E+03));
#1018 = CARTESIAN_POINT('',(5.392859697862E+03,5.058293018699E+03));
#1019 = CARTESIAN_POINT('',(5.402467906725E+03,5.057941934377E+03));
#1020 = CARTESIAN_POINT('',(5.412113712966E+03,5.057561357159E+03));
#1021 = CARTESIAN_POINT('',(5.421793398139E+03,5.057152076448E+03));
#1022 = CARTESIAN_POINT('',(5.431503230736E+03,5.056714897775E+03));
#1023 = CARTESIAN_POINT('',(5.441239467622E+03,5.056250640962E+03));
#1024 = CARTESIAN_POINT('',(5.450998355478E+03,5.055760138318E+03));
#1025 = CARTESIAN_POINT('',(5.46077613225E+03,5.055244232876E+03));
#1026 = CARTESIAN_POINT('',(5.470569028597E+03,5.054703776677E+03));
#1027 = CARTESIAN_POINT('',(5.480373269343E+03,5.054139629115E+03));
#1028 = CARTESIAN_POINT('',(5.490185074935E+03,5.053552655343E+03));
#1029 = CARTESIAN_POINT('',(5.500000662896E+03,5.052943724743E+03));
#1030 = CARTESIAN_POINT('',(5.509816249285E+03,5.052313709478E+03));
#1031 = CARTESIAN_POINT('',(5.519628050156E+03,5.05166348312E+03));
#1032 = CARTESIAN_POINT('',(5.529432283014E+03,5.050993919357E+03));
#1033 = CARTESIAN_POINT('',(5.539225168275E+03,5.050305890794E+03));
#1034 = CARTESIAN_POINT('',(5.549002930724E+03,5.049600267837E+03));
#1035 = CARTESIAN_POINT('',(5.558761800965E+03,5.048877917674E+03));
#1036 = CARTESIAN_POINT('',(5.56849801688E+03,5.048139703345E+03));
#1037 = CARTESIAN_POINT('',(5.578207825076E+03,5.04738648291E+03));
#1038 = CARTESIAN_POINT('',(5.587887482335E+03,5.046619108709E+03));
#1039 = CARTESIAN_POINT('',(5.597533257051E+03,5.045838426713E+03));
#1040 = CARTESIAN_POINT('',(5.607141430674E+03,5.045045275979E+03));
#1041 = CARTESIAN_POINT('',(5.616708299144E+03,5.044240488183E+03));
#1042 = CARTESIAN_POINT('',(5.626230174315E+03,5.043424887248E+03));
#1043 = CARTESIAN_POINT('',(5.63570338538E+03,5.04259928906E+03));
#1044 = CARTESIAN_POINT('',(5.645124280285E+03,5.041764501265E+03));
#1045 = CARTESIAN_POINT('',(5.654489227139E+03,5.040921323142E+03));
#1046 = CARTESIAN_POINT('',(5.663794615611E+03,5.040070545554E+03));
#1047 = CARTESIAN_POINT('',(5.673036858327E+03,5.039212950971E+03));
#1048 = CARTESIAN_POINT('',(5.682212392248E+03,5.038349313549E+03));
#1049 = CARTESIAN_POINT('',(5.691317680049E+03,5.037480399278E+03));
#1050 = CARTESIAN_POINT('',(5.700349211478E+03,5.036606966177E+03));
#1051 = CARTESIAN_POINT('',(5.709303504714E+03,5.035729764535E+03));
#1052 = CARTESIAN_POINT('',(5.718177107708E+03,5.034849537199E+03));
#1053 = CARTESIAN_POINT('',(5.726966599514E+03,5.033967019892E+03));
#1054 = CARTESIAN_POINT('',(5.735668591607E+03,5.033082941556E+03));
#1055 = CARTESIAN_POINT('',(5.744279729192E+03,5.03219802472E+03));
#1056 = CARTESIAN_POINT('',(5.752796692499E+03,5.03131298588E+03));
#1057 = CARTESIAN_POINT('',(5.761216198058E+03,5.030428535888E+03));
#1058 = CARTESIAN_POINT('',(5.769534999971E+03,5.029545380339E+03));
#1059 = CARTESIAN_POINT('',(5.77774989116E+03,5.028664219954E+03));
#1060 = CARTESIAN_POINT('',(5.785857704605E+03,5.027785750949E+03));
#1061 = CARTESIAN_POINT('',(5.793855314565E+03,5.026910665386E+03));
#1062 = CARTESIAN_POINT('',(5.801739637786E+03,5.026039651503E+03));
#1063 = CARTESIAN_POINT('',(5.809507634687E+03,5.025173394005E+03));
#1064 = CARTESIAN_POINT('',(5.817156310531E+03,5.024312574329E+03));
#1065 = CARTESIAN_POINT('',(5.824682716585E+03,5.023457870864E+03));
#1066 = CARTESIAN_POINT('',(5.832083951253E+03,5.022609959125E+03));
#1067 = CARTESIAN_POINT('',(5.839357161197E+03,5.021769511878E+03));
#1068 = CARTESIAN_POINT('',(5.846499542435E+03,5.020937199216E+03));
#1069 = CARTESIAN_POINT('',(5.853508341425E+03,5.020113688575E+03));
#1070 = CARTESIAN_POINT('',(5.860380856126E+03,5.019299644687E+03));
#1071 = CARTESIAN_POINT('',(5.867114437038E+03,5.018495729483E+03));
#1072 = CARTESIAN_POINT('',(5.873706488227E+03,5.017702601921E+03));
#1073 = CARTESIAN_POINT('',(5.880154468325E+03,5.016920917758E+03));
#1074 = CARTESIAN_POINT('',(5.886455891506E+03,5.016151329253E+03));
#1075 = CARTESIAN_POINT('',(5.892608328452E+03,5.015394484805E+03));
#1076 = CARTESIAN_POINT('',(5.898609407282E+03,5.014651028529E+03));
#1077 = CARTESIAN_POINT('',(5.904456814471E+03,5.013921599767E+03));
#1078 = CARTESIAN_POINT('',(5.910148295741E+03,5.013206832535E+03));
#1079 = CARTESIAN_POINT('',(5.915681656931E+03,5.01250735491E+03));
#1080 = CARTESIAN_POINT('',(5.92105476484E+03,5.011823788364E+03));
#1081 = CARTESIAN_POINT('',(5.926265548053E+03,5.011156747038E+03));
#1082 = CARTESIAN_POINT('',(5.931311997736E+03,5.010506836964E+03));
#1083 = CARTESIAN_POINT('',(5.936192168413E+03,5.009874655244E+03));
#1084 = CARTESIAN_POINT('',(5.940904178715E+03,5.009260789181E+03));
#1085 = CARTESIAN_POINT('',(5.945446212104E+03,5.008665815374E+03));
#1086 = CARTESIAN_POINT('',(5.949816517576E+03,5.008090298778E+03));
#1087 = CARTESIAN_POINT('',(5.954013410332E+03,5.007534791734E+03));
#1088 = CARTESIAN_POINT('',(5.95803527243E+03,5.006999832976E+03));
#1089 = CARTESIAN_POINT('',(5.961880553407E+03,5.006485946624E+03));
#1090 = CARTESIAN_POINT('',(5.965547770879E+03,5.00599364116E+03));
#1091 = CARTESIAN_POINT('',(5.969035511107E+03,5.0055234084E+03));
#1092 = CARTESIAN_POINT('',(5.972342429548E+03,5.005075722467E+03));
#1093 = CARTESIAN_POINT('',(5.975467251367E+03,5.004651038772E+03));
#1094 = CARTESIAN_POINT('',(5.978408771933E+03,5.004249793001E+03));
#1095 = CARTESIAN_POINT('',(5.981165857279E+03,5.00387240013E+03));
#1096 = CARTESIAN_POINT('',(5.983737444543E+03,5.003519253455E+03));
#1097 = CARTESIAN_POINT('',(5.986122542372E+03,5.003190723663E+03));
#1098 = CARTESIAN_POINT('',(5.98832023131E+03,5.002887157927E+03));
#1099 = CARTESIAN_POINT('',(5.990329664147E+03,5.002608879056E+03));
#1100 = CARTESIAN_POINT('',(5.992150066246E+03,5.002356184681E+03));
#1101 = CARTESIAN_POINT('',(5.993780735846E+03,5.002129346499E+03));
#1102 = CARTESIAN_POINT('',(5.995221044325E+03,5.001928609577E+03));
#1103 = CARTESIAN_POINT('',(5.996470436447E+03,5.001754191708E+03));
#1104 = CARTESIAN_POINT('',(5.997528430576E+03,5.001606282838E+03));
#1105 = CARTESIAN_POINT('',(5.998394618857E+03,5.001485044567E+03));
#1106 = CARTESIAN_POINT('',(5.999068667377E+03,5.00139060971E+03));
#1107 = CARTESIAN_POINT('',(5.999550316295E+03,5.001323081944E+03));
#1108 = CARTESIAN_POINT('',(5.999839379935E+03,5.001282535525E+03));
#1109 = CARTESIAN_POINT('',(5.999967873451E+03,5.001264507676E+03));
#1110 = CARTESIAN_POINT('',(6.E+03,5.00126E+03));
#1111 = ( GEOMETRIC_REPRESENTATION_CONTEXT(2) 
PARAMETRIC_REPRESENTATION_CONTEXT() REPRESENTATION_CONTEXT('2D SPACE',''
  ) );
#1112 = PCURVE('',#1113,#1280);
#1113 = SURFACE_OF_LINEAR_EXTRUSION('',#1114,#1278);
#1114 = B_SPLINE_CURVE_WITH_KNOTS('',3,(#1115,#1116,#1117,#1118,#1119,
    #1120,#1121,#1122,#1123,#1124,#1125,#1126,#1127,#1128,#1129,#1130,
    #1131,#1132,#1133,#1134,#1135,#1136,#1137,#1138,#1139,#1140,#1141,
    #1142,#1143,#1144,#1145,#1146,#1147,#1148,#1149,#1150,#1151,#1152,
    #1153,#1154,#1155,#1156,#1157,#1158,#1159,#1160,#1161,#1162,#1163,
    #1164,#1165,#1166,#1167,#1168,#1169,#1170,#1171,#1172,#1173,#1174,
    #1175,#1176,#1177,#1178,#1179,#1180,#1181,#1182,#1183,#1184,#1185,
    #1186,#1187,#1188,#1189,#1190,#1191,#1192,#1193,#1194,#1195,#1196,
    #1197,#1198,#1199,#1200,#1201,#1202,#1203,#1204,#1205,#1206,#1207,
    #1208,#1209,#1210,#1211,#1212,#1213,#1214,#1215,#1216,#1217,#1218,
    #1219,#1220,#1221,#1222,#1223,#1224,#1225,#1226,#1227,#1228,#1229,
    #1230,#1231,#1232,#1233,#1234,#1235,#1236,#1237,#1238,#1239,#1240,
    #1241,#1242,#1243,#1244,#1245,#1246,#1247,#1248,#1249,#1250,#1251,
    #1252,#1253,#1254,#1255,#1256,#1257,#1258,#1259,#1260,#1261,#1262,
    #1263,#1264,#1265,#1266,#1267,#1268,#1269,#1270,#1271,#1272,#1273,
    #1274,#1275,#1276,#1277),.UNSPECIFIED.,.F.,.F.,(4,1,1,1,1,1,1,1,1,1,
    1,1,1,1,1,1,1,1,1,1,1,1,1,1,1,1,1,1,1,1,1,1,1,1,1,1,1,1,1,1,1,1,1,1,
    1,1,1,1,1,1,1,1,1,1,1,1,1,1,1,1,1,1,1,1,1,1,1,1,1,1,1,1,1,1,1,1,1,1,
    1,1,1,1,1,1,1,1,1,1,1,1,1,1,1,1,1,1,1,1,1,1,1,1,1,1,1,1,1,1,1,1,1,1,
    1,1,1,1,1,1,1,1,1,1,1,1,1,1,1,1,1,1,1,1,1,1,1,1,1,1,1,1,1,1,1,1,1,1,
    1,1,1,1,1,1,1,1,1,1,1,1,1,1,4),(0.,1.744233823461,3.495070583323,
    5.273364799342,7.098935220263,8.989994827127,10.962801943543,
    13.031528144762,15.208296575545,17.503330166296,19.925155427638,
    22.480822389875,25.176116470512,28.015749854775,31.003527740964,
    34.142489288184,37.435025352801,40.882975991619,44.487710856264,
    48.250195384991,52.171045333094,56.250571786439,60.488818429929,
    64.885592516144,69.440490704405,74.152920714193,79.022119553379,
    84.047168934077,89.227008370813,94.560446361352,100.04616997518,
    105.68275311453,111.46866366459,117.40226971099,123.48184497157,
    129.70557356441,136.07155421367,142.57780397854,149.22226157683,
    156.00279036408,162.91718101967,169.96315398413,177.13836168551,
    184.44039058759,191.86676308811,199.41493929192,207.08231868028,
    214.8662416953,222.76399125599,230.77279422039,238.88982280641,
    247.11219598268,255.4369808391,263.86119394556,272.38180270634,
    280.99572671655,289.69983912601,298.49096801529,307.36589778772,
    316.32137058048,325.35408769732,334.46071106467,343.63786471266,
    352.88213628169,362.19007855498,371.55821101703,380.98302143763,
    390.46096748046,399.98847833541,409.56195637309,419.17777882005,
    428.83229945302,438.52185031001,448.24274341643,457.99127252402,
    467.76371486026,477.55633288615,487.36537605992,497.18708260451,
    507.01768127647,516.85339313416,526.690433303,536.52501273578,
    546.35333996602,556.17162285248,565.97607031316,575.76289404695,
    585.52831024161,595.26854126659,604.97981734943,614.6583782346,
    624.30047482382,633.90237079703,643.46034421311,652.97068908991,
    662.42971696296,671.83375842259,681.17916462906,690.4623088056,
    699.67958770923,708.82742307946,717.90226306475,726.90058362718,
    735.81888992528,744.65371767544,753.40163449227,762.0592412082,
    770.62317317276,779.09010153208,787.45673448895,795.71981854407,
    803.87613971893,811.92252476083,819.85584233058,827.67300417345,
    835.37096627374,842.94672999357,850.39734319631,857.71990135513,
    864.91154864692,871.96947903218,878.89093732101,885.67322022553,
    892.31367739895,898.80971246147,905.158784013,911.35840663291,
    917.4061518665,923.29964919833,929.03658701202,934.61471353634,
    940.03183777716,945.28583043484,950.37462480658,955.29621767294,
    960.04867016805,964.63010863257,969.03872544864,973.27277985571,
    977.33059874657,981.21057744215,984.9111804442,988.43094216464,
    991.76846763021,994.92243316142,997.89158702431,1.000674750054E+03,
    1.003270816247E+03,1.005678753328E+03,1.007897603273E+03,
    1.009926482814E+03,1.011764583896E+03,1.013411174105E+03,
    1.014865597058E+03,1.016127272753E+03,1.017195697881E+03,
    1.018070446099E+03,1.018751168265E+03,1.019237592622E+03,
    1.019529524954E+03,1.019626848686E+03),.UNSPECIFIED.);
#1115 = CARTESIAN_POINT('',(0.,0.,0.));
#1116 = CARTESIAN_POINT('',(-7.371754410738E-04,0.581902264481,0.));
#1117 = CARTESIAN_POINT('',(6.470811096604E-02,1.747261905531,0.));
#1118 = CARTESIAN_POINT('',(0.356070115317,3.484406791368,0.));
#1119 = CARTESIAN_POINT('',(0.842592980534,5.205256796043,0.));
#1120 = CARTESIAN_POINT('',(1.5228159687,6.909272658008,0.));
#1121 = CARTESIAN_POINT('',(2.396044184249,8.595910935836,0.));
#1122 = CARTESIAN_POINT('',(3.461324672837,10.264898801608,0.));
#1123 = CARTESIAN_POINT('',(4.717840198313,11.916057906046,0.));
#1124 = CARTESIAN_POINT('',(6.164831293493,13.549242315698,0.));
#1125 = CARTESIAN_POINT('',(7.801598892715,15.16426999961,0.));
#1126 = CARTESIAN_POINT('',(9.62746169403,16.760891947568,0.));
#1127 = CARTESIAN_POINT('',(11.641725090098,18.338780235117,0.));
#1128 = CARTESIAN_POINT('',(13.84365500455,19.897529670618,0.));
#1129 = CARTESIAN_POINT('',(16.232460724754,21.43666533761,0.));
#1130 = CARTESIAN_POINT('',(18.807284178531,22.955652210885,0.));
#1131 = CARTESIAN_POINT('',(21.567194023284,24.453904670291,0.));
#1132 = CARTESIAN_POINT('',(24.511182812858,25.9307950769,0.));
#1133 = CARTESIAN_POINT('',(27.638166065417,27.385661196761,0.));
#1134 = CARTESIAN_POINT('',(30.946982423743,28.817812559618,0.));
#1135 = CARTESIAN_POINT('',(34.436394407015,30.226535938954,0.));
#1136 = CARTESIAN_POINT('',(38.105089452587,31.611100151178,0.));
#1137 = CARTESIAN_POINT('',(41.951681076205,32.970760345676,0.));
#1138 = CARTESIAN_POINT('',(45.974710057981,34.304761921634,0.));
#1139 = CARTESIAN_POINT('',(50.172645608266,35.612344173098,0.));
#1140 = CARTESIAN_POINT('',(54.543886494223,36.892743734861,0.));
#1141 = CARTESIAN_POINT('',(59.086762122461,38.145197879062,0.));
#1142 = CARTESIAN_POINT('',(63.799533580582,39.368947695289,0.));
#1143 = CARTESIAN_POINT('',(68.680394643823,40.563241174363,0.));
#1144 = CARTESIAN_POINT('',(73.727472754193,41.727336206846,0.));
#1145 = CARTESIAN_POINT('',(78.938829979423,42.860503500856,0.));
#1146 = CARTESIAN_POINT('',(84.312463958465,43.962029419193,0.));
#1147 = CARTESIAN_POINT('',(89.846308839467,45.031218732651,0.));
#1148 = CARTESIAN_POINT('',(95.538236215233,46.067397284326,0.));
#1149 = CARTESIAN_POINT('',(101.38605606038,47.069914558348,0.));
#1150 = CARTESIAN_POINT('',(107.38751767369,48.038146145762,0.));
#1151 = CARTESIAN_POINT('',(113.54031062834,48.971496099847,0.));
#1152 = CARTESIAN_POINT('',(119.84206573245,49.869399173184,0.));
#1153 = CARTESIAN_POINT('',(126.29035600156,50.731322928901,0.));
#1154 = CARTESIAN_POINT('',(132.88269764463,51.556769718904,0.));
#1155 = CARTESIAN_POINT('',(139.6165510644,52.345278522398,0.));
#1156 = CARTESIAN_POINT('',(146.48932187326,53.096426638543,0.));
#1157 = CARTESIAN_POINT('',(153.49836192488,53.809831227798,0.));
#1158 = CARTESIAN_POINT('',(160.64097036234,54.485150697207,0.));
#1159 = CARTESIAN_POINT('',(167.91439468278,55.122085925634,0.));
#1160 = CARTESIAN_POINT('',(175.31583181891,55.720381325787,0.));
#1161 = CARTESIAN_POINT('',(182.84242923732,56.279825740645,0.));
#1162 = CARTESIAN_POINT('',(190.49128605354,56.80025317278,0.));
#1163 = CARTESIAN_POINT('',(198.25945416388,57.281543345883,0.));
#1164 = CARTESIAN_POINT('',(206.14393939371,57.723622098632,0.));
#1165 = CARTESIAN_POINT('',(214.14170266204,58.126461611906,0.));
#1166 = CARTESIAN_POINT('',(222.24966116216,58.490080471136,0.));
#1167 = CARTESIAN_POINT('',(230.46468955804,58.814543566404,0.));
#1168 = CARTESIAN_POINT('',(238.7836211961,59.099961833677,0.));
#1169 = CARTESIAN_POINT('',(247.20324933206,59.34649184131,0.));
#1170 = CARTESIAN_POINT('',(255.7203283725,59.554335226682,0.));
#1171 = CARTESIAN_POINT('',(264.3315751307,59.723737988505,0.));
#1172 = CARTESIAN_POINT('',(273.03367009634,59.854989640997,0.));
#1173 = CARTESIAN_POINT('',(281.82325871869,59.948422236708,0.));
#1174 = CARTESIAN_POINT('',(290.69695270279,60.004409265356,0.));
#1175 = CARTESIAN_POINT('',(299.65133131826,60.023364436525,0.));
#1176 = CARTESIAN_POINT('',(308.68294272014,60.005740354538,0.));
#1177 = CARTESIAN_POINT('',(317.78830528141,59.952027094236,0.));
#1178 = CARTESIAN_POINT('',(326.96390893669,59.862750686726,0.));
#1179 = CARTESIAN_POINT('',(336.2062165366,59.738471524462,0.));
#1180 = CARTESIAN_POINT('',(345.51166521228,59.57978269526,0.));
#1181 = CARTESIAN_POINT('',(354.87666774965,59.387308255027,0.));
#1182 = CARTESIAN_POINT('',(364.29761397285,59.161701449097,0.));
#1183 = CARTESIAN_POINT('',(373.77087213629,58.903642892127,0.));
#1184 = CARTESIAN_POINT('',(383.29279032497,58.613838716529,0.));
#1185 = CARTESIAN_POINT('',(392.85969786235,58.293018699323,0.));
#1186 = CARTESIAN_POINT('',(402.46790672538,57.941934377209,0.));
#1187 = CARTESIAN_POINT('',(412.11371296613,57.561357159493,0.));
#1188 = CARTESIAN_POINT('',(421.79339813948,57.152076448253,0.));
#1189 = CARTESIAN_POINT('',(431.50323073632,56.71489777489,0.));
#1190 = CARTESIAN_POINT('',(441.23946762178,56.250640961859,0.));
#1191 = CARTESIAN_POINT('',(450.99835547782,55.760138318028,0.));
#1192 = CARTESIAN_POINT('',(460.77613224987,55.244232875685,0.));
#1193 = CARTESIAN_POINT('',(470.56902859668,54.703776676753,0.));
#1194 = CARTESIAN_POINT('',(480.37326934308,54.139629115305,0.));
#1195 = CARTESIAN_POINT('',(490.18507493496,53.552655342911,0.));
#1196 = CARTESIAN_POINT('',(500.00066289593,52.943724742812,0.));
#1197 = CARTESIAN_POINT('',(509.8162492852,52.313709478319,0.));
#1198 = CARTESIAN_POINT('',(519.628050156,51.663483120237,0.));
#1199 = CARTESIAN_POINT('',(529.43228301402,50.993919357472,0.));
#1200 = CARTESIAN_POINT('',(539.22516827541,50.305890794339,0.));
#1201 = CARTESIAN_POINT('',(549.00293072358,49.600267837442,0.));
#1202 = CARTESIAN_POINT('',(558.76180096451,48.877917674337,0.));
#1203 = CARTESIAN_POINT('',(568.49801687967,48.139703345496,0.));
#1204 = CARTESIAN_POINT('',(578.20782507638,47.386482910478,0.));
#1205 = CARTESIAN_POINT('',(587.88748233471,46.619108708505,0.));
#1206 = CARTESIAN_POINT('',(597.53325705055,45.838426713036,0.));
#1207 = CARTESIAN_POINT('',(607.14143067425,45.045275979266,0.));
#1208 = CARTESIAN_POINT('',(616.70829914426,44.240488182889,0.));
#1209 = CARTESIAN_POINT('',(626.23017431526,43.424887247855,0.));
#1210 = CARTESIAN_POINT('',(635.70338538012,42.599289060275,0.));
#1211 = CARTESIAN_POINT('',(645.12428028528,41.764501265117,0.));
#1212 = CARTESIAN_POINT('',(654.4892271389,40.921323141793,0.));
#1213 = CARTESIAN_POINT('',(663.79461561129,40.070545554279,0.));
#1214 = CARTESIAN_POINT('',(673.03685832704,39.212950970984,0.));
#1215 = CARTESIAN_POINT('',(682.21239224834,38.349313549153,0.));
#1216 = CARTESIAN_POINT('',(691.31768004889,37.480399278264,0.));
#1217 = CARTESIAN_POINT('',(700.34921147803,36.606966176562,0.));
#1218 = CARTESIAN_POINT('',(709.30350471434,35.729764534576,0.));
#1219 = CARTESIAN_POINT('',(718.17710770834,34.849537199291,0.));
#1220 = CARTESIAN_POINT('',(726.96659951372,33.967019892426,0.));
#1221 = CARTESIAN_POINT('',(735.6685916066,33.082941556185,0.));
#1222 = CARTESIAN_POINT('',(744.2797291923,32.198024719738,0.));
#1223 = CARTESIAN_POINT('',(752.79669249909,31.312985879669,0.));
#1224 = CARTESIAN_POINT('',(761.21619805844,30.428535887674,0.));
#1225 = CARTESIAN_POINT('',(769.53499997131,29.545380338805,0.));
#1226 = CARTESIAN_POINT('',(777.74989115995,28.664219953727,0.));
#1227 = CARTESIAN_POINT('',(785.85770460468,27.78575094857,0.));
#1228 = CARTESIAN_POINT('',(793.85531456526,26.91066538619,0.));
#1229 = CARTESIAN_POINT('',(801.73963778639,26.039651502875,0.));
#1230 = CARTESIAN_POINT('',(809.5076346867,25.173394004839,0.));
#1231 = CARTESIAN_POINT('',(817.156310531,24.312574329158,0.));
#1232 = CARTESIAN_POINT('',(824.6827165852,23.457870864152,0.));
#1233 = CARTESIAN_POINT('',(832.08395125342,22.609959124637,0.));
#1234 = CARTESIAN_POINT('',(839.35716119702,21.769511877858,0.));
#1235 = CARTESIAN_POINT('',(846.49954243492,20.937199216395,0.));
#1236 = CARTESIAN_POINT('',(853.50834142492,20.113688574762,0.));
#1237 = CARTESIAN_POINT('',(860.3808561255,19.299644686975,0.));
#1238 = CARTESIAN_POINT('',(867.11443703781,18.495729482797,0.));
#1239 = CARTESIAN_POINT('',(873.70648822732,17.702601920955,0.));
#1240 = CARTESIAN_POINT('',(880.15446832485,16.920917758104,0.));
#1241 = CARTESIAN_POINT('',(886.45589150647,16.151329252895,0.));
#1242 = CARTESIAN_POINT('',(892.60832845201,15.394484804992,0.));
#1243 = CARTESIAN_POINT('',(898.6094072817,14.651028529467,0.));
#1244 = CARTESIAN_POINT('',(904.45681447072,13.921599767487,0.));
#1245 = CARTESIAN_POINT('',(910.14829574114,13.206832534775,0.));
#1246 = CARTESIAN_POINT('',(915.681656931,12.50735490979,0.));
#1247 = CARTESIAN_POINT('',(921.0547648402,11.823788364104,0.));
#1248 = CARTESIAN_POINT('',(926.26554805286,11.156747037887,0.));
#1249 = CARTESIAN_POINT('',(931.31199773578,10.5068369639,0.));
#1250 = CARTESIAN_POINT('',(936.1921684128,9.874655243796,0.));
#1251 = CARTESIAN_POINT('',(940.90417871464,9.260789180931,0.));
#1252 = CARTESIAN_POINT('',(945.44621210404,8.665815374254,0.));
#1253 = CARTESIAN_POINT('',(949.81651757584,8.090298778182,0.));
#1254 = CARTESIAN_POINT('',(954.0134103318,7.534791733651,0.));
#1255 = CARTESIAN_POINT('',(958.03527242981,6.999832975794,0.));
#1256 = CARTESIAN_POINT('',(961.88055340738,6.485946623944,0.));
#1257 = CARTESIAN_POINT('',(965.54777087904,5.993641159779,0.));
#1258 = CARTESIAN_POINT('',(969.03551110744,5.523408399639,0.));
#1259 = CARTESIAN_POINT('',(972.34242954806,5.075722467069,0.));
#1260 = CARTESIAN_POINT('',(975.46725136716,4.651038771755,0.));
#1261 = CARTESIAN_POINT('',(978.40877193287,4.249793000971,0.));
#1262 = CARTESIAN_POINT('',(981.16585727919,3.872400129672,0.));
#1263 = CARTESIAN_POINT('',(983.73744454276,3.519253455252,0.));
#1264 = CARTESIAN_POINT('',(986.12254237223,3.190723662888,0.));
#1265 = CARTESIAN_POINT('',(988.32023131003,2.887157927226,0.));
#1266 = CARTESIAN_POINT('',(990.32966414651,2.608879055947,0.));
#1267 = CARTESIAN_POINT('',(992.15006624608,2.35618468054,0.));
#1268 = CARTESIAN_POINT('',(993.78073584561,2.129346499302,0.));
#1269 = CARTESIAN_POINT('',(995.22104432455,1.928609577306,0.));
#1270 = CARTESIAN_POINT('',(996.47043644704,1.754191707686,0.));
#1271 = CARTESIAN_POINT('',(997.5284305756,1.606282838272,0.));
#1272 = CARTESIAN_POINT('',(998.39461885666,1.485044567151,0.));
#1273 = CARTESIAN_POINT('',(999.06866737748,1.390609710333,0.));
#1274 = CARTESIAN_POINT('',(999.55031629477,1.323081944252,0.));
#1275 = CARTESIAN_POINT('',(999.8393799347,1.282535525335,0.));
#1276 = CARTESIAN_POINT('',(999.96787345069,1.264507676133,-0.));
#1277 = CARTESIAN_POINT('',(1.E+03,1.26,0.));
#1278 = VECTOR('',#1279,1.);
#1279 = DIRECTION('',(-0.,-0.,-1.));
#1280 = DEFINITIONAL_REPRESENTATION('',(#1281),#1285);
#1281 = LINE('',#1282,#1283);
#1282 = CARTESIAN_POINT('',(0.,-200.));
#1283 = VECTOR('',#1284,1.);
#1284 = DIRECTION('',(1.,0.));
#1285 = ( GEOMETRIC_REPRESENTATION_CONTEXT(2) 
PARAMETRIC_REPRESENTATION_CONTEXT() REPRESENTATION_CONTEXT('2D SPACE',''
  ) );
#1286 = ORIENTED_EDGE('',*,*,#1287,.T.);
#1287 = EDGE_CURVE('',#778,#266,#1288,.T.);
#1288 = SURFACE_CURVE('',#1289,(#1293,#1300),.PCURVE_S1.);
#1289 = LINE('',#1290,#1291);
#1290 = CARTESIAN_POINT('',(1.E+03,1.26,200.));
#1291 = VECTOR('',#1292,1.);
#1292 = DIRECTION('',(0.,-1.,0.));
#1293 = PCURVE('',#126,#1294);
#1294 = DEFINITIONAL_REPRESENTATION('',(#1295),#1299);
#1295 = LINE('',#1296,#1297);
#1296 = CARTESIAN_POINT('',(6.E+03,5.00126E+03));
#1297 = VECTOR('',#1298,1.);
#1298 = DIRECTION('',(0.,-1.));
#1299 = ( GEOMETRIC_REPRESENTATION_CONTEXT(2) 
PARAMETRIC_REPRESENTATION_CONTEXT() REPRESENTATION_CONTEXT('2D SPACE',''
  ) );
#1300 = PCURVE('',#1301,#1306);
#1301 = PLANE('',#1302);
#1302 = AXIS2_PLACEMENT_3D('',#1303,#1304,#1305);
#1303 = CARTESIAN_POINT('',(1.E+03,1.26,0.));
#1304 = DIRECTION('',(1.,0.,-0.));
#1305 = DIRECTION('',(0.,-1.,0.));
#1306 = DEFINITIONAL_REPRESENTATION('',(#1307),#1311);
#1307 = LINE('',#1308,#1309);
#1308 = CARTESIAN_POINT('',(0.,-200.));
#1309 = VECTOR('',#1310,1.);
#1310 = DIRECTION('',(1.,0.));
#1311 = ( GEOMETRIC_REPRESENTATION_CONTEXT(2) 
PARAMETRIC_REPRESENTATION_CONTEXT() REPRESENTATION_CONTEXT('2D SPACE',''
  ) );
#1312 = ADVANCED_FACE('',(#1313),#100,.T.);
#1313 = FACE_BOUND('',#1314,.T.);
#1314 = EDGE_LOOP('',(#1315,#1338,#1339,#1340));
#1315 = ORIENTED_EDGE('',*,*,#1316,.F.);
#1316 = EDGE_CURVE('',#57,#1317,#1319,.T.);
#1317 = VERTEX_POINT('',#1318);
#1318 = CARTESIAN_POINT('',(1.E+04,5.E+03,0.));
#1319 = SURFACE_CURVE('',#1320,(#1324,#1331),.PCURVE_S1.);
#1320 = LINE('',#1321,#1322);
#1321 = CARTESIAN_POINT('',(-5.E+03,5.E+03,0.));
#1322 = VECTOR('',#1323,1.);
#1323 = DIRECTION('',(1.,0.,-0.));
#1324 = PCURVE('',#100,#1325);
#1325 = DEFINITIONAL_REPRESENTATION('',(#1326),#1330);
#1326 = LINE('',#1327,#1328);
#1327 = CARTESIAN_POINT('',(0.,0.));
#1328 = VECTOR('',#1329,1.);
#1329 = DIRECTION('',(0.,1.));
#1330 = ( GEOMETRIC_REPRESENTATION_CONTEXT(2) 
PARAMETRIC_REPRESENTATION_CONTEXT() REPRESENTATION_CONTEXT('2D SPACE',''
  ) );
#1331 = PCURVE('',#72,#1332);
#1332 = DEFINITIONAL_REPRESENTATION('',(#1333),#1337);
#1333 = LINE('',#1334,#1335);
#1334 = CARTESIAN_POINT('',(0.,1.E+04));
#1335 = VECTOR('',#1336,1.);
#1336 = DIRECTION('',(1.,0.));
#1337 = ( GEOMETRIC_REPRESENTATION_CONTEXT(2) 
PARAMETRIC_REPRESENTATION_CONTEXT() REPRESENTATION_CONTEXT('2D SPACE',''
  ) );
#1338 = ORIENTED_EDGE('',*,*,#84,.T.);
#1339 = ORIENTED_EDGE('',*,*,#242,.T.);
#1340 = ORIENTED_EDGE('',*,*,#1341,.F.);
#1341 = EDGE_CURVE('',#1317,#220,#1342,.T.);
#1342 = SURFACE_CURVE('',#1343,(#1347,#1354),.PCURVE_S1.);
#1343 = LINE('',#1344,#1345);
#1344 = CARTESIAN_POINT('',(1.E+04,5.E+03,0.));
#1345 = VECTOR('',#1346,1.);
#1346 = DIRECTION('',(0.,0.,1.));
#1347 = PCURVE('',#100,#1348);
#1348 = DEFINITIONAL_REPRESENTATION('',(#1349),#1353);
#1349 = LINE('',#1350,#1351);
#1350 = CARTESIAN_POINT('',(0.,1.5E+04));
#1351 = VECTOR('',#1352,1.);
#1352 = DIRECTION('',(1.,0.));
#1353 = ( GEOMETRIC_REPRESENTATION_CONTEXT(2) 
PARAMETRIC_REPRESENTATION_CONTEXT() REPRESENTATION_CONTEXT('2D SPACE',''
  ) );
#1354 = PCURVE('',#202,#1355);
#1355 = DEFINITIONAL_REPRESENTATION('',(#1356),#1360);
#1356 = LINE('',#1357,#1358);
#1357 = CARTESIAN_POINT('',(0.,-1.E+04));
#1358 = VECTOR('',#1359,1.);
#1359 = DIRECTION('',(1.,0.));
#1360 = ( GEOMETRIC_REPRESENTATION_CONTEXT(2) 
PARAMETRIC_REPRESENTATION_CONTEXT() REPRESENTATION_CONTEXT('2D SPACE',''
  ) );
#1361 = ADVANCED_FACE('',(#1362,#1388),#72,.F.);
#1362 = FACE_BOUND('',#1363,.F.);
#1363 = EDGE_LOOP('',(#1364,#1365,#1366,#1387));
#1364 = ORIENTED_EDGE('',*,*,#56,.F.);
#1365 = ORIENTED_EDGE('',*,*,#141,.T.);
#1366 = ORIENTED_EDGE('',*,*,#1367,.T.);
#1367 = EDGE_CURVE('',#142,#1317,#1368,.T.);
#1368 = SURFACE_CURVE('',#1369,(#1373,#1380),.PCURVE_S1.);
#1369 = LINE('',#1370,#1371);
#1370 = CARTESIAN_POINT('',(1.E+04,-5.E+03,0.));
#1371 = VECTOR('',#1372,1.);
#1372 = DIRECTION('',(-0.,1.,0.));
#1373 = PCURVE('',#72,#1374);
#1374 = DEFINITIONAL_REPRESENTATION('',(#1375),#1379);
#1375 = LINE('',#1376,#1377);
#1376 = CARTESIAN_POINT('',(1.5E+04,0.));
#1377 = VECTOR('',#1378,1.);
#1378 = DIRECTION('',(0.,1.));
#1379 = ( GEOMETRIC_REPRESENTATION_CONTEXT(2) 
PARAMETRIC_REPRESENTATION_CONTEXT() REPRESENTATION_CONTEXT('2D SPACE',''
  ) );
#1380 = PCURVE('',#202,#1381);
#1381 = DEFINITIONAL_REPRESENTATION('',(#1382),#1386);
#1382 = LINE('',#1383,#1384);
#1383 = CARTESIAN_POINT('',(0.,0.));
#1384 = VECTOR('',#1385,1.);
#1385 = DIRECTION('',(0.,-1.));
#1386 = ( GEOMETRIC_REPRESENTATION_CONTEXT(2) 
PARAMETRIC_REPRESENTATION_CONTEXT() REPRESENTATION_CONTEXT('2D SPACE',''
  ) );
#1387 = ORIENTED_EDGE('',*,*,#1316,.F.);
#1388 = FACE_BOUND('',#1389,.F.);
#1389 = EDGE_LOOP('',(#1390,#1735,#2078));
#1390 = ORIENTED_EDGE('',*,*,#1391,.T.);
#1391 = EDGE_CURVE('',#1392,#1394,#1396,.T.);
#1392 = VERTEX_POINT('',#1393);
#1393 = CARTESIAN_POINT('',(1.E+03,-1.26,0.));
#1394 = VERTEX_POINT('',#1395);
#1395 = CARTESIAN_POINT('',(0.,0.,0.));
#1396 = SURFACE_CURVE('',#1397,(#1561,#1728),.PCURVE_S1.);
#1397 = B_SPLINE_CURVE_WITH_KNOTS('',3,(#1398,#1399,#1400,#1401,#1402,
    #1403,#1404,#1405,#1406,#1407,#1408,#1409,#1410,#1411,#1412,#1413,
    #1414,#1415,#1416,#1417,#1418,#1419,#1420,#1421,#1422,#1423,#1424,
    #1425,#1426,#1427,#1428,#1429,#1430,#1431,#1432,#1433,#1434,#1435,
    #1436,#1437,#1438,#1439,#1440,#1441,#1442,#1443,#1444,#1445,#1446,
    #1447,#1448,#1449,#1450,#1451,#1452,#1453,#1454,#1455,#1456,#1457,
    #1458,#1459,#1460,#1461,#1462,#1463,#1464,#1465,#1466,#1467,#1468,
    #1469,#1470,#1471,#1472,#1473,#1474,#1475,#1476,#1477,#1478,#1479,
    #1480,#1481,#1482,#1483,#1484,#1485,#1486,#1487,#1488,#1489,#1490,
    #1491,#1492,#1493,#1494,#1495,#1496,#1497,#1498,#1499,#1500,#1501,
    #1502,#1503,#1504,#1505,#1506,#1507,#1508,#1509,#1510,#1511,#1512,
    #1513,#1514,#1515,#1516,#1517,#1518,#1519,#1520,#1521,#1522,#1523,
    #1524,#1525,#1526,#1527,#1528,#1529,#1530,#1531,#1532,#1533,#1534,
    #1535,#1536,#1537,#1538,#1539,#1540,#1541,#1542,#1543,#1544,#1545,
    #1546,#1547,#1548,#1549,#1550,#1551,#1552,#1553,#1554,#1555,#1556,
    #1557,#1558,#1559,#1560),.UNSPECIFIED.,.F.,.F.,(4,1,1,1,1,1,1,1,1,1,
    1,1,1,1,1,1,1,1,1,1,1,1,1,1,1,1,1,1,1,1,1,1,1,1,1,1,1,1,1,1,1,1,1,1,
    1,1,1,1,1,1,1,1,1,1,1,1,1,1,1,1,1,1,1,1,1,1,1,1,1,1,1,1,1,1,1,1,1,1,
    1,1,1,1,1,1,1,1,1,1,1,1,1,1,1,1,1,1,1,1,1,1,1,1,1,1,1,1,1,1,1,1,1,1,
    1,1,1,1,1,1,1,1,1,1,1,1,1,1,1,1,1,1,1,1,1,1,1,1,1,1,1,1,1,1,1,1,1,1,
    1,1,1,1,1,1,1,1,1,1,1,1,1,1,4),(0.,9.732373210234E-02,0.389256063505
    ,0.875680420887,1.556402586626,2.431150805444,3.499575933277,
    4.761251627934,6.215674581002,7.862264790326,9.700365872323,
    11.72924541324,13.948095358441,16.356032438667,18.952098632184,
    21.735261661658,24.704415524545,27.85838105576,31.19590652133,
    34.715668241764,38.416271243821,42.296249939399,46.354068830259,
    50.588123237332,54.996740053392,59.578178517922,64.330631013032,
    69.252223879389,74.341018251126,79.595010908812,85.012135149627,
    90.590261673944,96.327199487634,102.22069681946,108.26844205305,
    114.46806467296,120.8171362245,127.31317128701,133.95362846043,
    140.73591136495,147.65736965378,154.71530003904,161.90694733083,
    169.22950548965,176.6801186924,184.25588241223,191.95384451251,
    199.77100635538,207.70432392514,215.75070896703,223.90703014189,
    232.17011419701,240.53674715388,249.0036755132,257.56760747776,
    266.22521419369,274.97313101053,283.80795876069,292.72626505878,
    301.72458562121,310.79942560651,319.94726097673,329.16453988036,
    338.4476840569,347.79309026337,357.19713172301,366.65615959606,
    376.16650447285,385.72447788893,395.32637386214,404.96847045137,
    414.64703133653,424.35830741937,434.09853844435,443.86395463902,
    453.6507783728,463.45522583348,473.27350871994,483.10183595018,
    492.93641538296,502.7734555518,512.60916740949,522.43976608145,
    532.26147262604,542.07051579981,551.8631338257,561.63557616194,
    571.38410526953,581.10499837595,590.79454923294,600.44906986591,
    610.06489231288,619.63837035055,629.1658812055,638.64382724834,
    648.06863766893,657.43677013098,666.74471240427,675.9889839733,
    685.1661376213,694.27276098865,703.30547810548,712.26095089824,
    721.13588067068,729.92700955996,738.63112196941,747.24504597962,
    755.7656547404,764.18986784686,772.51465270328,780.73702587955,
    788.85405446557,796.86285742997,804.76060699067,812.54453000568,
    820.21190939404,827.76008559785,835.18645809837,842.48848700045,
    849.66369470183,856.70966766629,863.62405832188,870.40458710913,
    877.04904470742,883.55529447229,889.92127512156,896.14500371439,
    902.22457897497,908.15818502137,913.94409557143,919.58067871078,
    925.06640232461,930.39984031515,935.57967975189,940.60472913259,
    945.47392797177,950.18635798156,954.74125616982,959.13803025604,
    963.37627689953,967.45580335287,971.37665330098,975.1391378297,
    978.74387269435,982.19182333317,985.48435939778,988.623320945,
    991.61109883119,994.45073221545,997.14602629609,999.70169325833,
    1.00212351852E+03,1.00441855211E+03,1.006595320541E+03,
    1.008664046742E+03,1.010636853859E+03,1.012527913466E+03,
    1.014353483887E+03,1.016131778103E+03,1.017882614863E+03,
    1.019626848686E+03),.UNSPECIFIED.);
#1398 = CARTESIAN_POINT('',(1.E+03,-1.26,0.));
#1399 = CARTESIAN_POINT('',(999.96787345069,-1.264507676133,0.));
#1400 = CARTESIAN_POINT('',(999.8393799347,-1.282535525335,0.));
#1401 = CARTESIAN_POINT('',(999.55031629477,-1.323081944252,0.));
#1402 = CARTESIAN_POINT('',(999.06866737748,-1.390609710333,0.));
#1403 = CARTESIAN_POINT('',(998.39461885666,-1.485044567151,0.));
#1404 = CARTESIAN_POINT('',(997.5284305756,-1.606282838272,0.));
#1405 = CARTESIAN_POINT('',(996.47043644704,-1.754191707686,0.));
#1406 = CARTESIAN_POINT('',(995.22104432455,-1.928609577306,0.));
#1407 = CARTESIAN_POINT('',(993.78073584561,-2.129346499302,0.));
#1408 = CARTESIAN_POINT('',(992.15006624608,-2.35618468054,0.));
#1409 = CARTESIAN_POINT('',(990.32966414651,-2.608879055947,0.));
#1410 = CARTESIAN_POINT('',(988.32023131004,-2.887157927226,0.));
#1411 = CARTESIAN_POINT('',(986.12254237223,-3.190723662888,0.));
#1412 = CARTESIAN_POINT('',(983.73744454276,-3.519253455252,0.));
#1413 = CARTESIAN_POINT('',(981.16585727919,-3.872400129672,0.));
#1414 = CARTESIAN_POINT('',(978.40877193287,-4.249793000971,0.));
#1415 = CARTESIAN_POINT('',(975.46725136716,-4.651038771755,0.));
#1416 = CARTESIAN_POINT('',(972.34242954806,-5.075722467069,0.));
#1417 = CARTESIAN_POINT('',(969.03551110744,-5.523408399639,0.));
#1418 = CARTESIAN_POINT('',(965.54777087904,-5.993641159779,0.));
#1419 = CARTESIAN_POINT('',(961.88055340738,-6.485946623944,0.));
#1420 = CARTESIAN_POINT('',(958.03527242981,-6.999832975794,0.));
#1421 = CARTESIAN_POINT('',(954.0134103318,-7.534791733651,0.));
#1422 = CARTESIAN_POINT('',(949.81651757584,-8.090298778182,0.));
#1423 = CARTESIAN_POINT('',(945.44621210404,-8.665815374254,0.));
#1424 = CARTESIAN_POINT('',(940.90417871464,-9.260789180931,0.));
#1425 = CARTESIAN_POINT('',(936.1921684128,-9.874655243796,0.));
#1426 = CARTESIAN_POINT('',(931.31199773578,-10.5068369639,0.));
#1427 = CARTESIAN_POINT('',(926.26554805286,-11.15674703788,0.));
#1428 = CARTESIAN_POINT('',(921.0547648402,-11.8237883641,0.));
#1429 = CARTESIAN_POINT('',(915.681656931,-12.50735490979,0.));
#1430 = CARTESIAN_POINT('',(910.14829574114,-13.20683253477,0.));
#1431 = CARTESIAN_POINT('',(904.45681447072,-13.92159976748,0.));
#1432 = CARTESIAN_POINT('',(898.6094072817,-14.65102852946,0.));
#1433 = CARTESIAN_POINT('',(892.60832845201,-15.39448480499,0.));
#1434 = CARTESIAN_POINT('',(886.45589150647,-16.15132925289,0.));
#1435 = CARTESIAN_POINT('',(880.15446832485,-16.9209177581,0.));
#1436 = CARTESIAN_POINT('',(873.70648822732,-17.70260192095,0.));
#1437 = CARTESIAN_POINT('',(867.11443703781,-18.49572948279,0.));
#1438 = CARTESIAN_POINT('',(860.3808561255,-19.29964468697,0.));
#1439 = CARTESIAN_POINT('',(853.50834142492,-20.11368857476,0.));
#1440 = CARTESIAN_POINT('',(846.49954243492,-20.93719921639,0.));
#1441 = CARTESIAN_POINT('',(839.35716119702,-21.76951187785,0.));
#1442 = CARTESIAN_POINT('',(832.08395125342,-22.60995912463,0.));
#1443 = CARTESIAN_POINT('',(824.6827165852,-23.45787086415,0.));
#1444 = CARTESIAN_POINT('',(817.156310531,-24.31257432915,0.));
#1445 = CARTESIAN_POINT('',(809.5076346867,-25.17339400483,0.));
#1446 = CARTESIAN_POINT('',(801.73963778639,-26.03965150287,0.));
#1447 = CARTESIAN_POINT('',(793.85531456526,-26.91066538619,0.));
#1448 = CARTESIAN_POINT('',(785.85770460468,-27.78575094857,0.));
#1449 = CARTESIAN_POINT('',(777.74989115995,-28.66421995372,0.));
#1450 = CARTESIAN_POINT('',(769.53499997131,-29.5453803388,0.));
#1451 = CARTESIAN_POINT('',(761.21619805844,-30.42853588767,0.));
#1452 = CARTESIAN_POINT('',(752.79669249909,-31.31298587966,0.));
#1453 = CARTESIAN_POINT('',(744.2797291923,-32.19802471973,0.));
#1454 = CARTESIAN_POINT('',(735.6685916066,-33.08294155618,0.));
#1455 = CARTESIAN_POINT('',(726.96659951372,-33.96701989242,0.));
#1456 = CARTESIAN_POINT('',(718.17710770834,-34.84953719929,0.));
#1457 = CARTESIAN_POINT('',(709.30350471434,-35.72976453457,0.));
#1458 = CARTESIAN_POINT('',(700.34921147803,-36.60696617656,0.));
#1459 = CARTESIAN_POINT('',(691.31768004889,-37.48039927826,0.));
#1460 = CARTESIAN_POINT('',(682.21239224834,-38.34931354915,0.));
#1461 = CARTESIAN_POINT('',(673.03685832704,-39.21295097098,0.));
#1462 = CARTESIAN_POINT('',(663.79461561129,-40.07054555427,0.));
#1463 = CARTESIAN_POINT('',(654.4892271389,-40.92132314179,0.));
#1464 = CARTESIAN_POINT('',(645.12428028528,-41.76450126511,0.));
#1465 = CARTESIAN_POINT('',(635.70338538012,-42.59928906027,0.));
#1466 = CARTESIAN_POINT('',(626.23017431526,-43.42488724785,0.));
#1467 = CARTESIAN_POINT('',(616.70829914426,-44.24048818288,0.));
#1468 = CARTESIAN_POINT('',(607.14143067425,-45.04527597926,0.));
#1469 = CARTESIAN_POINT('',(597.53325705055,-45.83842671303,0.));
#1470 = CARTESIAN_POINT('',(587.88748233471,-46.6191087085,0.));
#1471 = CARTESIAN_POINT('',(578.20782507638,-47.38648291047,0.));
#1472 = CARTESIAN_POINT('',(568.49801687967,-48.13970334549,0.));
#1473 = CARTESIAN_POINT('',(558.76180096451,-48.87791767433,0.));
#1474 = CARTESIAN_POINT('',(549.00293072358,-49.60026783744,0.));
#1475 = CARTESIAN_POINT('',(539.22516827541,-50.30589079433,0.));
#1476 = CARTESIAN_POINT('',(529.43228301402,-50.99391935747,0.));
#1477 = CARTESIAN_POINT('',(519.628050156,-51.66348312023,0.));
#1478 = CARTESIAN_POINT('',(509.8162492852,-52.31370947831,0.));
#1479 = CARTESIAN_POINT('',(500.00066289593,-52.94372474281,0.));
#1480 = CARTESIAN_POINT('',(490.18507493496,-53.55265534291,0.));
#1481 = CARTESIAN_POINT('',(480.37326934308,-54.1396291153,0.));
#1482 = CARTESIAN_POINT('',(470.56902859668,-54.70377667675,0.));
#1483 = CARTESIAN_POINT('',(460.77613224987,-55.24423287568,0.));
#1484 = CARTESIAN_POINT('',(450.99835547782,-55.76013831802,0.));
#1485 = CARTESIAN_POINT('',(441.23946762178,-56.25064096185,0.));
#1486 = CARTESIAN_POINT('',(431.50323073632,-56.71489777489,0.));
#1487 = CARTESIAN_POINT('',(421.79339813948,-57.15207644825,0.));
#1488 = CARTESIAN_POINT('',(412.11371296613,-57.56135715949,0.));
#1489 = CARTESIAN_POINT('',(402.46790672538,-57.9419343772,0.));
#1490 = CARTESIAN_POINT('',(392.85969786235,-58.29301869932,0.));
#1491 = CARTESIAN_POINT('',(383.29279032497,-58.61383871652,0.));
#1492 = CARTESIAN_POINT('',(373.77087213629,-58.90364289212,0.));
#1493 = CARTESIAN_POINT('',(364.29761397285,-59.16170144909,0.));
#1494 = CARTESIAN_POINT('',(354.87666774965,-59.38730825502,0.));
#1495 = CARTESIAN_POINT('',(345.51166521228,-59.57978269526,0.));
#1496 = CARTESIAN_POINT('',(336.2062165366,-59.73847152446,0.));
#1497 = CARTESIAN_POINT('',(326.96390893669,-59.86275068672,0.));
#1498 = CARTESIAN_POINT('',(317.78830528141,-59.95202709423,0.));
#1499 = CARTESIAN_POINT('',(308.68294272014,-60.00574035453,0.));
#1500 = CARTESIAN_POINT('',(299.65133131826,-60.02336443652,0.));
#1501 = CARTESIAN_POINT('',(290.69695270279,-60.00440926535,0.));
#1502 = CARTESIAN_POINT('',(281.82325871869,-59.9484222367,0.));
#1503 = CARTESIAN_POINT('',(273.03367009634,-59.85498964099,0.));
#1504 = CARTESIAN_POINT('',(264.33157513071,-59.7237379885,0.));
#1505 = CARTESIAN_POINT('',(255.7203283725,-59.55433522668,0.));
#1506 = CARTESIAN_POINT('',(247.20324933206,-59.34649184131,0.));
#1507 = CARTESIAN_POINT('',(238.7836211961,-59.09996183367,0.));
#1508 = CARTESIAN_POINT('',(230.46468955804,-58.8145435664,0.));
#1509 = CARTESIAN_POINT('',(222.24966116216,-58.49008047113,0.));
#1510 = CARTESIAN_POINT('',(214.14170266204,-58.1264616119,0.));
#1511 = CARTESIAN_POINT('',(206.14393939371,-57.72362209863,0.));
#1512 = CARTESIAN_POINT('',(198.25945416388,-57.28154334588,0.));
#1513 = CARTESIAN_POINT('',(190.49128605354,-56.80025317278,0.));
#1514 = CARTESIAN_POINT('',(182.84242923732,-56.27982574064,0.));
#1515 = CARTESIAN_POINT('',(175.31583181891,-55.72038132578,0.));
#1516 = CARTESIAN_POINT('',(167.91439468278,-55.12208592563,0.));
#1517 = CARTESIAN_POINT('',(160.64097036234,-54.4851506972,0.));
#1518 = CARTESIAN_POINT('',(153.49836192488,-53.80983122779,0.));
#1519 = CARTESIAN_POINT('',(146.48932187326,-53.09642663854,0.));
#1520 = CARTESIAN_POINT('',(139.6165510644,-52.34527852239,0.));
#1521 = CARTESIAN_POINT('',(132.88269764463,-51.5567697189,0.));
#1522 = CARTESIAN_POINT('',(126.29035600156,-50.7313229289,0.));
#1523 = CARTESIAN_POINT('',(119.84206573245,-49.86939917318,0.));
#1524 = CARTESIAN_POINT('',(113.54031062834,-48.97149609984,0.));
#1525 = CARTESIAN_POINT('',(107.38751767369,-48.03814614576,0.));
#1526 = CARTESIAN_POINT('',(101.38605606038,-47.06991455834,0.));
#1527 = CARTESIAN_POINT('',(95.538236215233,-46.06739728432,0.));
#1528 = CARTESIAN_POINT('',(89.846308839467,-45.03121873265,0.));
#1529 = CARTESIAN_POINT('',(84.312463958465,-43.96202941919,0.));
#1530 = CARTESIAN_POINT('',(78.938829979423,-42.86050350085,0.));
#1531 = CARTESIAN_POINT('',(73.727472754193,-41.72733620684,0.));
#1532 = CARTESIAN_POINT('',(68.680394643823,-40.56324117436,0.));
#1533 = CARTESIAN_POINT('',(63.799533580582,-39.36894769528,0.));
#1534 = CARTESIAN_POINT('',(59.086762122461,-38.14519787906,0.));
#1535 = CARTESIAN_POINT('',(54.543886494223,-36.89274373486,0.));
#1536 = CARTESIAN_POINT('',(50.172645608266,-35.61234417309,0.));
#1537 = CARTESIAN_POINT('',(45.974710057981,-34.30476192163,0.));
#1538 = CARTESIAN_POINT('',(41.951681076205,-32.97076034567,0.));
#1539 = CARTESIAN_POINT('',(38.105089452587,-31.61110015117,0.));
#1540 = CARTESIAN_POINT('',(34.436394407015,-30.22653593895,0.));
#1541 = CARTESIAN_POINT('',(30.946982423743,-28.81781255961,0.));
#1542 = CARTESIAN_POINT('',(27.638166065417,-27.38566119676,0.));
#1543 = CARTESIAN_POINT('',(24.511182812858,-25.9307950769,0.));
#1544 = CARTESIAN_POINT('',(21.567194023284,-24.45390467029,0.));
#1545 = CARTESIAN_POINT('',(18.807284178531,-22.95565221088,0.));
#1546 = CARTESIAN_POINT('',(16.232460724754,-21.43666533761,0.));
#1547 = CARTESIAN_POINT('',(13.84365500455,-19.89752967061,0.));
#1548 = CARTESIAN_POINT('',(11.641725090098,-18.33878023511,0.));
#1549 = CARTESIAN_POINT('',(9.62746169403,-16.76089194756,0.));
#1550 = CARTESIAN_POINT('',(7.801598892715,-15.16426999961,0.));
#1551 = CARTESIAN_POINT('',(6.164831293493,-13.54924231569,0.));
#1552 = CARTESIAN_POINT('',(4.717840198313,-11.91605790604,0.));
#1553 = CARTESIAN_POINT('',(3.461324672837,-10.2648988016,0.));
#1554 = CARTESIAN_POINT('',(2.396044184249,-8.595910935836,0.));
#1555 = CARTESIAN_POINT('',(1.5228159687,-6.909272658008,0.));
#1556 = CARTESIAN_POINT('',(0.842592980534,-5.205256796043,0.));
#1557 = CARTESIAN_POINT('',(0.356070115317,-3.484406791368,0.));
#1558 = CARTESIAN_POINT('',(6.470811096604E-02,-1.747261905531,0.));
#1559 = CARTESIAN_POINT('',(-7.371754410739E-04,-0.581902264481,-0.));
#1560 = CARTESIAN_POINT('',(0.,0.,0.));
#1561 = PCURVE('',#72,#1562);
#1562 = DEFINITIONAL_REPRESENTATION('',(#1563),#1727);
#1563 = B_SPLINE_CURVE_WITH_KNOTS('',3,(#1564,#1565,#1566,#1567,#1568,
    #1569,#1570,#1571,#1572,#1573,#1574,#1575,#1576,#1577,#1578,#1579,
    #1580,#1581,#1582,#1583,#1584,#1585,#1586,#1587,#1588,#1589,#1590,
    #1591,#1592,#1593,#1594,#1595,#1596,#1597,#1598,#1599,#1600,#1601,
    #1602,#1603,#1604,#1605,#1606,#1607,#1608,#1609,#1610,#1611,#1612,
    #1613,#1614,#1615,#1616,#1617,#1618,#1619,#1620,#1621,#1622,#1623,
    #1624,#1625,#1626,#1627,#1628,#1629,#1630,#1631,#1632,#1633,#1634,
    #1635,#1636,#1637,#1638,#1639,#1640,#1641,#1642,#1643,#1644,#1645,
    #1646,#1647,#1648,#1649,#1650,#1651,#1652,#1653,#1654,#1655,#1656,
    #1657,#1658,#1659,#1660,#1661,#1662,#1663,#1664,#1665,#1666,#1667,
    #1668,#1669,#1670,#1671,#1672,#1673,#1674,#1675,#1676,#1677,#1678,
    #1679,#1680,#1681,#1682,#1683,#1684,#1685,#1686,#1687,#1688,#1689,
    #1690,#1691,#1692,#1693,#1694,#1695,#1696,#1697,#1698,#1699,#1700,
    #1701,#1702,#1703,#1704,#1705,#1706,#1707,#1708,#1709,#1710,#1711,
    #1712,#1713,#1714,#1715,#1716,#1717,#1718,#1719,#1720,#1721,#1722,
    #1723,#1724,#1725,#1726),.UNSPECIFIED.,.F.,.F.,(4,1,1,1,1,1,1,1,1,1,
    1,1,1,1,1,1,1,1,1,1,1,1,1,1,1,1,1,1,1,1,1,1,1,1,1,1,1,1,1,1,1,1,1,1,
    1,1,1,1,1,1,1,1,1,1,1,1,1,1,1,1,1,1,1,1,1,1,1,1,1,1,1,1,1,1,1,1,1,1,
    1,1,1,1,1,1,1,1,1,1,1,1,1,1,1,1,1,1,1,1,1,1,1,1,1,1,1,1,1,1,1,1,1,1,
    1,1,1,1,1,1,1,1,1,1,1,1,1,1,1,1,1,1,1,1,1,1,1,1,1,1,1,1,1,1,1,1,1,1,
    1,1,1,1,1,1,1,1,1,1,1,1,1,1,4),(0.,9.732373210234E-02,0.389256063505
    ,0.875680420887,1.556402586626,2.431150805444,3.499575933277,
    4.761251627934,6.215674581002,7.862264790326,9.700365872323,
    11.72924541324,13.948095358441,16.356032438667,18.952098632184,
    21.735261661658,24.704415524545,27.85838105576,31.19590652133,
    34.715668241764,38.416271243821,42.296249939399,46.354068830259,
    50.588123237332,54.996740053392,59.578178517922,64.330631013032,
    69.252223879389,74.341018251126,79.595010908812,85.012135149627,
    90.590261673944,96.327199487634,102.22069681946,108.26844205305,
    114.46806467296,120.8171362245,127.31317128701,133.95362846043,
    140.73591136495,147.65736965378,154.71530003904,161.90694733083,
    169.22950548965,176.6801186924,184.25588241223,191.95384451251,
    199.77100635538,207.70432392514,215.75070896703,223.90703014189,
    232.17011419701,240.53674715388,249.0036755132,257.56760747776,
    266.22521419369,274.97313101053,283.80795876069,292.72626505878,
    301.72458562121,310.79942560651,319.94726097673,329.16453988036,
    338.4476840569,347.79309026337,357.19713172301,366.65615959606,
    376.16650447285,385.72447788893,395.32637386214,404.96847045137,
    414.64703133653,424.35830741937,434.09853844435,443.86395463902,
    453.6507783728,463.45522583348,473.27350871994,483.10183595018,
    492.93641538296,502.7734555518,512.60916740949,522.43976608145,
    532.26147262604,542.07051579981,551.8631338257,561.63557616194,
    571.38410526953,581.10499837595,590.79454923294,600.44906986591,
    610.06489231288,619.63837035055,629.1658812055,638.64382724834,
    648.06863766893,657.43677013098,666.74471240427,675.9889839733,
    685.1661376213,694.27276098865,703.30547810548,712.26095089824,
    721.13588067068,729.92700955996,738.63112196941,747.24504597962,
    755.7656547404,764.18986784686,772.51465270328,780.73702587955,
    788.85405446557,796.86285742997,804.76060699067,812.54453000568,
    820.21190939404,827.76008559785,835.18645809837,842.48848700045,
    849.66369470183,856.70966766629,863.62405832188,870.40458710913,
    877.04904470742,883.55529447229,889.92127512156,896.14500371439,
    902.22457897497,908.15818502137,913.94409557143,919.58067871078,
    925.06640232461,930.39984031515,935.57967975189,940.60472913259,
    945.47392797177,950.18635798156,954.74125616982,959.13803025604,
    963.37627689953,967.45580335287,971.37665330098,975.1391378297,
    978.74387269435,982.19182333317,985.48435939778,988.623320945,
    991.61109883119,994.45073221545,997.14602629609,999.70169325833,
    1.00212351852E+03,1.00441855211E+03,1.006595320541E+03,
    1.008664046742E+03,1.010636853859E+03,1.012527913466E+03,
    1.014353483887E+03,1.016131778103E+03,1.017882614863E+03,
    1.019626848686E+03),.UNSPECIFIED.);
#1564 = CARTESIAN_POINT('',(6.E+03,4.99874E+03));
#1565 = CARTESIAN_POINT('',(5.999967873451E+03,4.998735492324E+03));
#1566 = CARTESIAN_POINT('',(5.999839379935E+03,4.998717464475E+03));
#1567 = CARTESIAN_POINT('',(5.999550316295E+03,4.998676918056E+03));
#1568 = CARTESIAN_POINT('',(5.999068667377E+03,4.99860939029E+03));
#1569 = CARTESIAN_POINT('',(5.998394618857E+03,4.998514955433E+03));
#1570 = CARTESIAN_POINT('',(5.997528430576E+03,4.998393717162E+03));
#1571 = CARTESIAN_POINT('',(5.996470436447E+03,4.998245808292E+03));
#1572 = CARTESIAN_POINT('',(5.995221044325E+03,4.998071390423E+03));
#1573 = CARTESIAN_POINT('',(5.993780735846E+03,4.997870653501E+03));
#1574 = CARTESIAN_POINT('',(5.992150066246E+03,4.997643815319E+03));
#1575 = CARTESIAN_POINT('',(5.990329664147E+03,4.997391120944E+03));
#1576 = CARTESIAN_POINT('',(5.98832023131E+03,4.997112842073E+03));
#1577 = CARTESIAN_POINT('',(5.986122542372E+03,4.996809276337E+03));
#1578 = CARTESIAN_POINT('',(5.983737444543E+03,4.996480746545E+03));
#1579 = CARTESIAN_POINT('',(5.981165857279E+03,4.99612759987E+03));
#1580 = CARTESIAN_POINT('',(5.978408771933E+03,4.995750206999E+03));
#1581 = CARTESIAN_POINT('',(5.975467251367E+03,4.995348961228E+03));
#1582 = CARTESIAN_POINT('',(5.972342429548E+03,4.994924277533E+03));
#1583 = CARTESIAN_POINT('',(5.969035511107E+03,4.9944765916E+03));
#1584 = CARTESIAN_POINT('',(5.965547770879E+03,4.99400635884E+03));
#1585 = CARTESIAN_POINT('',(5.961880553407E+03,4.993514053376E+03));
#1586 = CARTESIAN_POINT('',(5.95803527243E+03,4.993000167024E+03));
#1587 = CARTESIAN_POINT('',(5.954013410332E+03,4.992465208266E+03));
#1588 = CARTESIAN_POINT('',(5.949816517576E+03,4.991909701222E+03));
#1589 = CARTESIAN_POINT('',(5.945446212104E+03,4.991334184626E+03));
#1590 = CARTESIAN_POINT('',(5.940904178715E+03,4.990739210819E+03));
#1591 = CARTESIAN_POINT('',(5.936192168413E+03,4.990125344756E+03));
#1592 = CARTESIAN_POINT('',(5.931311997736E+03,4.989493163036E+03));
#1593 = CARTESIAN_POINT('',(5.926265548053E+03,4.988843252962E+03));
#1594 = CARTESIAN_POINT('',(5.92105476484E+03,4.988176211636E+03));
#1595 = CARTESIAN_POINT('',(5.915681656931E+03,4.98749264509E+03));
#1596 = CARTESIAN_POINT('',(5.910148295741E+03,4.986793167465E+03));
#1597 = CARTESIAN_POINT('',(5.904456814471E+03,4.986078400233E+03));
#1598 = CARTESIAN_POINT('',(5.898609407282E+03,4.985348971471E+03));
#1599 = CARTESIAN_POINT('',(5.892608328452E+03,4.984605515195E+03));
#1600 = CARTESIAN_POINT('',(5.886455891506E+03,4.983848670747E+03));
#1601 = CARTESIAN_POINT('',(5.880154468325E+03,4.983079082242E+03));
#1602 = CARTESIAN_POINT('',(5.873706488227E+03,4.982297398079E+03));
#1603 = CARTESIAN_POINT('',(5.867114437038E+03,4.981504270517E+03));
#1604 = CARTESIAN_POINT('',(5.860380856126E+03,4.980700355313E+03));
#1605 = CARTESIAN_POINT('',(5.853508341425E+03,4.979886311425E+03));
#1606 = CARTESIAN_POINT('',(5.846499542435E+03,4.979062800784E+03));
#1607 = CARTESIAN_POINT('',(5.839357161197E+03,4.978230488122E+03));
#1608 = CARTESIAN_POINT('',(5.832083951253E+03,4.977390040875E+03));
#1609 = CARTESIAN_POINT('',(5.824682716585E+03,4.976542129136E+03));
#1610 = CARTESIAN_POINT('',(5.817156310531E+03,4.975687425671E+03));
#1611 = CARTESIAN_POINT('',(5.809507634687E+03,4.974826605995E+03));
#1612 = CARTESIAN_POINT('',(5.801739637786E+03,4.973960348497E+03));
#1613 = CARTESIAN_POINT('',(5.793855314565E+03,4.973089334614E+03));
#1614 = CARTESIAN_POINT('',(5.785857704605E+03,4.972214249051E+03));
#1615 = CARTESIAN_POINT('',(5.77774989116E+03,4.971335780046E+03));
#1616 = CARTESIAN_POINT('',(5.769534999971E+03,4.970454619661E+03));
#1617 = CARTESIAN_POINT('',(5.761216198058E+03,4.969571464112E+03));
#1618 = CARTESIAN_POINT('',(5.752796692499E+03,4.96868701412E+03));
#1619 = CARTESIAN_POINT('',(5.744279729192E+03,4.96780197528E+03));
#1620 = CARTESIAN_POINT('',(5.735668591607E+03,4.966917058444E+03));
#1621 = CARTESIAN_POINT('',(5.726966599514E+03,4.966032980108E+03));
#1622 = CARTESIAN_POINT('',(5.718177107708E+03,4.965150462801E+03));
#1623 = CARTESIAN_POINT('',(5.709303504714E+03,4.964270235465E+03));
#1624 = CARTESIAN_POINT('',(5.700349211478E+03,4.963393033823E+03));
#1625 = CARTESIAN_POINT('',(5.691317680049E+03,4.962519600722E+03));
#1626 = CARTESIAN_POINT('',(5.682212392248E+03,4.961650686451E+03));
#1627 = CARTESIAN_POINT('',(5.673036858327E+03,4.960787049029E+03));
#1628 = CARTESIAN_POINT('',(5.663794615611E+03,4.959929454446E+03));
#1629 = CARTESIAN_POINT('',(5.654489227139E+03,4.959078676858E+03));
#1630 = CARTESIAN_POINT('',(5.645124280285E+03,4.958235498735E+03));
#1631 = CARTESIAN_POINT('',(5.63570338538E+03,4.95740071094E+03));
#1632 = CARTESIAN_POINT('',(5.626230174315E+03,4.956575112752E+03));
#1633 = CARTESIAN_POINT('',(5.616708299144E+03,4.955759511817E+03));
#1634 = CARTESIAN_POINT('',(5.607141430674E+03,4.954954724021E+03));
#1635 = CARTESIAN_POINT('',(5.597533257051E+03,4.954161573287E+03));
#1636 = CARTESIAN_POINT('',(5.587887482335E+03,4.953380891291E+03));
#1637 = CARTESIAN_POINT('',(5.578207825076E+03,4.95261351709E+03));
#1638 = CARTESIAN_POINT('',(5.56849801688E+03,4.951860296655E+03));
#1639 = CARTESIAN_POINT('',(5.558761800965E+03,4.951122082326E+03));
#1640 = CARTESIAN_POINT('',(5.549002930724E+03,4.950399732163E+03));
#1641 = CARTESIAN_POINT('',(5.539225168275E+03,4.949694109206E+03));
#1642 = CARTESIAN_POINT('',(5.529432283014E+03,4.949006080643E+03));
#1643 = CARTESIAN_POINT('',(5.519628050156E+03,4.94833651688E+03));
#1644 = CARTESIAN_POINT('',(5.509816249285E+03,4.947686290522E+03));
#1645 = CARTESIAN_POINT('',(5.500000662896E+03,4.947056275257E+03));
#1646 = CARTESIAN_POINT('',(5.490185074935E+03,4.946447344657E+03));
#1647 = CARTESIAN_POINT('',(5.480373269343E+03,4.945860370885E+03));
#1648 = CARTESIAN_POINT('',(5.470569028597E+03,4.945296223323E+03));
#1649 = CARTESIAN_POINT('',(5.46077613225E+03,4.944755767124E+03));
#1650 = CARTESIAN_POINT('',(5.450998355478E+03,4.944239861682E+03));
#1651 = CARTESIAN_POINT('',(5.441239467622E+03,4.943749359038E+03));
#1652 = CARTESIAN_POINT('',(5.431503230736E+03,4.943285102225E+03));
#1653 = CARTESIAN_POINT('',(5.421793398139E+03,4.942847923552E+03));
#1654 = CARTESIAN_POINT('',(5.412113712966E+03,4.942438642841E+03));
#1655 = CARTESIAN_POINT('',(5.402467906725E+03,4.942058065623E+03));
#1656 = CARTESIAN_POINT('',(5.392859697862E+03,4.941706981301E+03));
#1657 = CARTESIAN_POINT('',(5.383292790325E+03,4.941386161283E+03));
#1658 = CARTESIAN_POINT('',(5.373770872136E+03,4.941096357108E+03));
#1659 = CARTESIAN_POINT('',(5.364297613973E+03,4.940838298551E+03));
#1660 = CARTESIAN_POINT('',(5.35487666775E+03,4.940612691745E+03));
#1661 = CARTESIAN_POINT('',(5.345511665212E+03,4.940420217305E+03));
#1662 = CARTESIAN_POINT('',(5.336206216537E+03,4.940261528476E+03));
#1663 = CARTESIAN_POINT('',(5.326963908937E+03,4.940137249313E+03));
#1664 = CARTESIAN_POINT('',(5.317788305281E+03,4.940047972906E+03));
#1665 = CARTESIAN_POINT('',(5.30868294272E+03,4.939994259645E+03));
#1666 = CARTESIAN_POINT('',(5.299651331318E+03,4.939976635563E+03));
#1667 = CARTESIAN_POINT('',(5.290696952703E+03,4.939995590735E+03));
#1668 = CARTESIAN_POINT('',(5.281823258719E+03,4.940051577763E+03));
#1669 = CARTESIAN_POINT('',(5.273033670096E+03,4.940145010359E+03));
#1670 = CARTESIAN_POINT('',(5.264331575131E+03,4.940276262011E+03));
#1671 = CARTESIAN_POINT('',(5.255720328373E+03,4.940445664773E+03));
#1672 = CARTESIAN_POINT('',(5.247203249332E+03,4.940653508159E+03));
#1673 = CARTESIAN_POINT('',(5.238783621196E+03,4.940900038166E+03));
#1674 = CARTESIAN_POINT('',(5.230464689558E+03,4.941185456434E+03));
#1675 = CARTESIAN_POINT('',(5.222249661162E+03,4.941509919529E+03));
#1676 = CARTESIAN_POINT('',(5.214141702662E+03,4.941873538388E+03));
#1677 = CARTESIAN_POINT('',(5.206143939394E+03,4.942276377901E+03));
#1678 = CARTESIAN_POINT('',(5.198259454164E+03,4.942718456654E+03));
#1679 = CARTESIAN_POINT('',(5.190491286054E+03,4.943199746827E+03));
#1680 = CARTESIAN_POINT('',(5.182842429237E+03,4.943720174259E+03));
#1681 = CARTESIAN_POINT('',(5.175315831819E+03,4.944279618674E+03));
#1682 = CARTESIAN_POINT('',(5.167914394683E+03,4.944877914074E+03));
#1683 = CARTESIAN_POINT('',(5.160640970362E+03,4.945514849303E+03));
#1684 = CARTESIAN_POINT('',(5.153498361925E+03,4.946190168772E+03));
#1685 = CARTESIAN_POINT('',(5.146489321873E+03,4.946903573361E+03));
#1686 = CARTESIAN_POINT('',(5.139616551064E+03,4.947654721478E+03));
#1687 = CARTESIAN_POINT('',(5.132882697645E+03,4.948443230281E+03));
#1688 = CARTESIAN_POINT('',(5.126290356002E+03,4.949268677071E+03));
#1689 = CARTESIAN_POINT('',(5.119842065732E+03,4.950130600827E+03));
#1690 = CARTESIAN_POINT('',(5.113540310628E+03,4.9510285039E+03));
#1691 = CARTESIAN_POINT('',(5.107387517674E+03,4.951961853854E+03));
#1692 = CARTESIAN_POINT('',(5.10138605606E+03,4.952930085442E+03));
#1693 = CARTESIAN_POINT('',(5.095538236215E+03,4.953932602716E+03));
#1694 = CARTESIAN_POINT('',(5.089846308839E+03,4.954968781267E+03));
#1695 = CARTESIAN_POINT('',(5.084312463958E+03,4.956037970581E+03));
#1696 = CARTESIAN_POINT('',(5.078938829979E+03,4.957139496499E+03));
#1697 = CARTESIAN_POINT('',(5.073727472754E+03,4.958272663793E+03));
#1698 = CARTESIAN_POINT('',(5.068680394644E+03,4.959436758826E+03));
#1699 = CARTESIAN_POINT('',(5.063799533581E+03,4.960631052305E+03));
#1700 = CARTESIAN_POINT('',(5.059086762122E+03,4.961854802121E+03));
#1701 = CARTESIAN_POINT('',(5.054543886494E+03,4.963107256265E+03));
#1702 = CARTESIAN_POINT('',(5.050172645608E+03,4.964387655827E+03));
#1703 = CARTESIAN_POINT('',(5.045974710058E+03,4.965695238078E+03));
#1704 = CARTESIAN_POINT('',(5.041951681076E+03,4.967029239654E+03));
#1705 = CARTESIAN_POINT('',(5.038105089453E+03,4.968388899849E+03));
#1706 = CARTESIAN_POINT('',(5.034436394407E+03,4.969773464061E+03));
#1707 = CARTESIAN_POINT('',(5.030946982424E+03,4.97118218744E+03));
#1708 = CARTESIAN_POINT('',(5.027638166065E+03,4.972614338803E+03));
#1709 = CARTESIAN_POINT('',(5.024511182813E+03,4.974069204923E+03));
#1710 = CARTESIAN_POINT('',(5.021567194023E+03,4.97554609533E+03));
#1711 = CARTESIAN_POINT('',(5.018807284179E+03,4.977044347789E+03));
#1712 = CARTESIAN_POINT('',(5.016232460725E+03,4.978563334662E+03));
#1713 = CARTESIAN_POINT('',(5.013843655005E+03,4.980102470329E+03));
#1714 = CARTESIAN_POINT('',(5.01164172509E+03,4.981661219765E+03));
#1715 = CARTESIAN_POINT('',(5.009627461694E+03,4.983239108052E+03));
#1716 = CARTESIAN_POINT('',(5.007801598893E+03,4.98483573E+03));
#1717 = CARTESIAN_POINT('',(5.006164831293E+03,4.986450757684E+03));
#1718 = CARTESIAN_POINT('',(5.004717840198E+03,4.988083942094E+03));
#1719 = CARTESIAN_POINT('',(5.003461324673E+03,4.989735101198E+03));
#1720 = CARTESIAN_POINT('',(5.002396044184E+03,4.991404089064E+03));
#1721 = CARTESIAN_POINT('',(5.001522815969E+03,4.993090727342E+03));
#1722 = CARTESIAN_POINT('',(5.000842592981E+03,4.994794743204E+03));
#1723 = CARTESIAN_POINT('',(5.000356070115E+03,4.996515593209E+03));
#1724 = CARTESIAN_POINT('',(5.000064708111E+03,4.998252738094E+03));
#1725 = CARTESIAN_POINT('',(4.999999262825E+03,4.999418097736E+03));
#1726 = CARTESIAN_POINT('',(5.E+03,5.E+03));
#1727 = ( GEOMETRIC_REPRESENTATION_CONTEXT(2) 
PARAMETRIC_REPRESENTATION_CONTEXT() REPRESENTATION_CONTEXT('2D SPACE',''
  ) );
#1728 = PCURVE('',#603,#1729);
#1729 = DEFINITIONAL_REPRESENTATION('',(#1730),#1734);
#1730 = LINE('',#1731,#1732);
#1731 = CARTESIAN_POINT('',(0.,0.));
#1732 = VECTOR('',#1733,1.);
#1733 = DIRECTION('',(1.,0.));
#1734 = ( GEOMETRIC_REPRESENTATION_CONTEXT(2) 
PARAMETRIC_REPRESENTATION_CONTEXT() REPRESENTATION_CONTEXT('2D SPACE',''
  ) );
#1735 = ORIENTED_EDGE('',*,*,#1736,.T.);
#1736 = EDGE_CURVE('',#1394,#1737,#1739,.T.);
#1737 = VERTEX_POINT('',#1738);
#1738 = CARTESIAN_POINT('',(1.E+03,1.26,0.));
#1739 = SURFACE_CURVE('',#1740,(#1904,#2071),.PCURVE_S1.);
#1740 = B_SPLINE_CURVE_WITH_KNOTS('',3,(#1741,#1742,#1743,#1744,#1745,
    #1746,#1747,#1748,#1749,#1750,#1751,#1752,#1753,#1754,#1755,#1756,
    #1757,#1758,#1759,#1760,#1761,#1762,#1763,#1764,#1765,#1766,#1767,
    #1768,#1769,#1770,#1771,#1772,#1773,#1774,#1775,#1776,#1777,#1778,
    #1779,#1780,#1781,#1782,#1783,#1784,#1785,#1786,#1787,#1788,#1789,
    #1790,#1791,#1792,#1793,#1794,#1795,#1796,#1797,#1798,#1799,#1800,
    #1801,#1802,#1803,#1804,#1805,#1806,#1807,#1808,#1809,#1810,#1811,
    #1812,#1813,#1814,#1815,#1816,#1817,#1818,#1819,#1820,#1821,#1822,
    #1823,#1824,#1825,#1826,#1827,#1828,#1829,#1830,#1831,#1832,#1833,
    #1834,#1835,#1836,#1837,#1838,#1839,#1840,#1841,#1842,#1843,#1844,
    #1845,#1846,#1847,#1848,#1849,#1850,#1851,#1852,#1853,#1854,#1855,
    #1856,#1857,#1858,#1859,#1860,#1861,#1862,#1863,#1864,#1865,#1866,
    #1867,#1868,#1869,#1870,#1871,#1872,#1873,#1874,#1875,#1876,#1877,
    #1878,#1879,#1880,#1881,#1882,#1883,#1884,#1885,#1886,#1887,#1888,
    #1889,#1890,#1891,#1892,#1893,#1894,#1895,#1896,#1897,#1898,#1899,
    #1900,#1901,#1902,#1903),.UNSPECIFIED.,.F.,.F.,(4,1,1,1,1,1,1,1,1,1,
    1,1,1,1,1,1,1,1,1,1,1,1,1,1,1,1,1,1,1,1,1,1,1,1,1,1,1,1,1,1,1,1,1,1,
    1,1,1,1,1,1,1,1,1,1,1,1,1,1,1,1,1,1,1,1,1,1,1,1,1,1,1,1,1,1,1,1,1,1,
    1,1,1,1,1,1,1,1,1,1,1,1,1,1,1,1,1,1,1,1,1,1,1,1,1,1,1,1,1,1,1,1,1,1,
    1,1,1,1,1,1,1,1,1,1,1,1,1,1,1,1,1,1,1,1,1,1,1,1,1,1,1,1,1,1,1,1,1,1,
    1,1,1,1,1,1,1,1,1,1,1,1,1,1,4),(0.,1.744233823461,3.495070583323,
    5.273364799342,7.098935220263,8.989994827127,10.962801943543,
    13.031528144762,15.208296575545,17.503330166296,19.925155427638,
    22.480822389875,25.176116470512,28.015749854775,31.003527740964,
    34.142489288184,37.435025352801,40.882975991619,44.487710856264,
    48.250195384991,52.171045333094,56.250571786439,60.488818429929,
    64.885592516144,69.440490704405,74.152920714193,79.022119553379,
    84.047168934077,89.227008370813,94.560446361352,100.04616997518,
    105.68275311453,111.46866366459,117.40226971099,123.48184497157,
    129.70557356441,136.07155421367,142.57780397854,149.22226157683,
    156.00279036408,162.91718101967,169.96315398413,177.13836168551,
    184.44039058759,191.86676308811,199.41493929192,207.08231868028,
    214.8662416953,222.76399125599,230.77279422039,238.88982280641,
    247.11219598268,255.4369808391,263.86119394556,272.38180270634,
    280.99572671655,289.69983912601,298.49096801529,307.36589778772,
    316.32137058048,325.35408769732,334.46071106467,343.63786471266,
    352.88213628169,362.19007855498,371.55821101703,380.98302143763,
    390.46096748046,399.98847833541,409.56195637309,419.17777882005,
    428.83229945302,438.52185031001,448.24274341643,457.99127252402,
    467.76371486026,477.55633288615,487.36537605992,497.18708260451,
    507.01768127647,516.85339313416,526.690433303,536.52501273578,
    546.35333996602,556.17162285248,565.97607031316,575.76289404695,
    585.52831024161,595.26854126659,604.97981734943,614.6583782346,
    624.30047482382,633.90237079703,643.46034421311,652.97068908991,
    662.42971696296,671.83375842259,681.17916462906,690.4623088056,
    699.67958770923,708.82742307946,717.90226306475,726.90058362718,
    735.81888992528,744.65371767544,753.40163449227,762.0592412082,
    770.62317317276,779.09010153208,787.45673448895,795.71981854407,
    803.87613971893,811.92252476083,819.85584233058,827.67300417345,
    835.37096627374,842.94672999357,850.39734319631,857.71990135513,
    864.91154864692,871.96947903218,878.89093732101,885.67322022553,
    892.31367739895,898.80971246147,905.158784013,911.35840663291,
    917.4061518665,923.29964919833,929.03658701202,934.61471353634,
    940.03183777716,945.28583043484,950.37462480658,955.29621767294,
    960.04867016805,964.63010863257,969.03872544864,973.27277985571,
    977.33059874657,981.21057744215,984.9111804442,988.43094216464,
    991.76846763021,994.92243316142,997.89158702431,1.000674750054E+03,
    1.003270816247E+03,1.005678753328E+03,1.007897603273E+03,
    1.009926482814E+03,1.011764583896E+03,1.013411174105E+03,
    1.014865597058E+03,1.016127272753E+03,1.017195697881E+03,
    1.018070446099E+03,1.018751168265E+03,1.019237592622E+03,
    1.019529524954E+03,1.019626848686E+03),.UNSPECIFIED.);
#1741 = CARTESIAN_POINT('',(0.,0.,0.));
#1742 = CARTESIAN_POINT('',(-7.371754410738E-04,0.581902264481,0.));
#1743 = CARTESIAN_POINT('',(6.470811096604E-02,1.747261905531,0.));
#1744 = CARTESIAN_POINT('',(0.356070115317,3.484406791368,0.));
#1745 = CARTESIAN_POINT('',(0.842592980534,5.205256796043,0.));
#1746 = CARTESIAN_POINT('',(1.5228159687,6.909272658008,0.));
#1747 = CARTESIAN_POINT('',(2.396044184249,8.595910935836,0.));
#1748 = CARTESIAN_POINT('',(3.461324672837,10.264898801608,0.));
#1749 = CARTESIAN_POINT('',(4.717840198313,11.916057906046,0.));
#1750 = CARTESIAN_POINT('',(6.164831293493,13.549242315698,0.));
#1751 = CARTESIAN_POINT('',(7.801598892715,15.16426999961,0.));
#1752 = CARTESIAN_POINT('',(9.62746169403,16.760891947568,0.));
#1753 = CARTESIAN_POINT('',(11.641725090098,18.338780235117,0.));
#1754 = CARTESIAN_POINT('',(13.84365500455,19.897529670618,0.));
#1755 = CARTESIAN_POINT('',(16.232460724754,21.43666533761,0.));
#1756 = CARTESIAN_POINT('',(18.807284178531,22.955652210885,0.));
#1757 = CARTESIAN_POINT('',(21.567194023284,24.453904670291,0.));
#1758 = CARTESIAN_POINT('',(24.511182812858,25.9307950769,0.));
#1759 = CARTESIAN_POINT('',(27.638166065417,27.385661196761,0.));
#1760 = CARTESIAN_POINT('',(30.946982423743,28.817812559618,0.));
#1761 = CARTESIAN_POINT('',(34.436394407015,30.226535938954,0.));
#1762 = CARTESIAN_POINT('',(38.105089452587,31.611100151178,0.));
#1763 = CARTESIAN_POINT('',(41.951681076205,32.970760345676,0.));
#1764 = CARTESIAN_POINT('',(45.974710057981,34.304761921634,0.));
#1765 = CARTESIAN_POINT('',(50.172645608266,35.612344173098,0.));
#1766 = CARTESIAN_POINT('',(54.543886494223,36.892743734861,0.));
#1767 = CARTESIAN_POINT('',(59.086762122461,38.145197879062,0.));
#1768 = CARTESIAN_POINT('',(63.799533580582,39.368947695289,0.));
#1769 = CARTESIAN_POINT('',(68.680394643823,40.563241174363,0.));
#1770 = CARTESIAN_POINT('',(73.727472754193,41.727336206846,0.));
#1771 = CARTESIAN_POINT('',(78.938829979423,42.860503500856,0.));
#1772 = CARTESIAN_POINT('',(84.312463958465,43.962029419193,0.));
#1773 = CARTESIAN_POINT('',(89.846308839467,45.031218732651,0.));
#1774 = CARTESIAN_POINT('',(95.538236215233,46.067397284326,0.));
#1775 = CARTESIAN_POINT('',(101.38605606038,47.069914558348,0.));
#1776 = CARTESIAN_POINT('',(107.38751767369,48.038146145762,0.));
#1777 = CARTESIAN_POINT('',(113.54031062834,48.971496099847,0.));
#1778 = CARTESIAN_POINT('',(119.84206573245,49.869399173184,0.));
#1779 = CARTESIAN_POINT('',(126.29035600156,50.731322928901,0.));
#1780 = CARTESIAN_POINT('',(132.88269764463,51.556769718904,0.));
#1781 = CARTESIAN_POINT('',(139.6165510644,52.345278522398,0.));
#1782 = CARTESIAN_POINT('',(146.48932187326,53.096426638543,0.));
#1783 = CARTESIAN_POINT('',(153.49836192488,53.809831227798,0.));
#1784 = CARTESIAN_POINT('',(160.64097036234,54.485150697207,0.));
#1785 = CARTESIAN_POINT('',(167.91439468278,55.122085925634,0.));
#1786 = CARTESIAN_POINT('',(175.31583181891,55.720381325787,0.));
#1787 = CARTESIAN_POINT('',(182.84242923732,56.279825740645,0.));
#1788 = CARTESIAN_POINT('',(190.49128605354,56.80025317278,0.));
#1789 = CARTESIAN_POINT('',(198.25945416388,57.281543345883,0.));
#1790 = CARTESIAN_POINT('',(206.14393939371,57.723622098632,0.));
#1791 = CARTESIAN_POINT('',(214.14170266204,58.126461611906,0.));
#1792 = CARTESIAN_POINT('',(222.24966116216,58.490080471136,0.));
#1793 = CARTESIAN_POINT('',(230.46468955804,58.814543566404,0.));
#1794 = CARTESIAN_POINT('',(238.7836211961,59.099961833677,0.));
#1795 = CARTESIAN_POINT('',(247.20324933206,59.34649184131,0.));
#1796 = CARTESIAN_POINT('',(255.7203283725,59.554335226682,0.));
#1797 = CARTESIAN_POINT('',(264.3315751307,59.723737988505,0.));
#1798 = CARTESIAN_POINT('',(273.03367009634,59.854989640997,0.));
#1799 = CARTESIAN_POINT('',(281.82325871869,59.948422236708,0.));
#1800 = CARTESIAN_POINT('',(290.69695270279,60.004409265356,0.));
#1801 = CARTESIAN_POINT('',(299.65133131826,60.023364436525,0.));
#1802 = CARTESIAN_POINT('',(308.68294272014,60.005740354538,0.));
#1803 = CARTESIAN_POINT('',(317.78830528141,59.952027094236,0.));
#1804 = CARTESIAN_POINT('',(326.96390893669,59.862750686726,0.));
#1805 = CARTESIAN_POINT('',(336.2062165366,59.738471524462,0.));
#1806 = CARTESIAN_POINT('',(345.51166521228,59.57978269526,0.));
#1807 = CARTESIAN_POINT('',(354.87666774965,59.387308255027,0.));
#1808 = CARTESIAN_POINT('',(364.29761397285,59.161701449097,0.));
#1809 = CARTESIAN_POINT('',(373.77087213629,58.903642892127,0.));
#1810 = CARTESIAN_POINT('',(383.29279032497,58.613838716529,0.));
#1811 = CARTESIAN_POINT('',(392.85969786235,58.293018699323,0.));
#1812 = CARTESIAN_POINT('',(402.46790672538,57.941934377209,0.));
#1813 = CARTESIAN_POINT('',(412.11371296613,57.561357159493,0.));
#1814 = CARTESIAN_POINT('',(421.79339813948,57.152076448253,0.));
#1815 = CARTESIAN_POINT('',(431.50323073632,56.71489777489,0.));
#1816 = CARTESIAN_POINT('',(441.23946762178,56.250640961859,0.));
#1817 = CARTESIAN_POINT('',(450.99835547782,55.760138318028,0.));
#1818 = CARTESIAN_POINT('',(460.77613224987,55.244232875685,0.));
#1819 = CARTESIAN_POINT('',(470.56902859668,54.703776676753,0.));
#1820 = CARTESIAN_POINT('',(480.37326934308,54.139629115305,0.));
#1821 = CARTESIAN_POINT('',(490.18507493496,53.552655342911,0.));
#1822 = CARTESIAN_POINT('',(500.00066289593,52.943724742812,0.));
#1823 = CARTESIAN_POINT('',(509.8162492852,52.313709478319,0.));
#1824 = CARTESIAN_POINT('',(519.628050156,51.663483120237,0.));
#1825 = CARTESIAN_POINT('',(529.43228301402,50.993919357472,0.));
#1826 = CARTESIAN_POINT('',(539.22516827541,50.305890794339,0.));
#1827 = CARTESIAN_POINT('',(549.00293072358,49.600267837442,0.));
#1828 = CARTESIAN_POINT('',(558.76180096451,48.877917674337,0.));
#1829 = CARTESIAN_POINT('',(568.49801687967,48.139703345496,0.));
#1830 = CARTESIAN_POINT('',(578.20782507638,47.386482910478,0.));
#1831 = CARTESIAN_POINT('',(587.88748233471,46.619108708505,0.));
#1832 = CARTESIAN_POINT('',(597.53325705055,45.838426713036,0.));
#1833 = CARTESIAN_POINT('',(607.14143067425,45.045275979266,0.));
#1834 = CARTESIAN_POINT('',(616.70829914426,44.240488182889,0.));
#1835 = CARTESIAN_POINT('',(626.23017431526,43.424887247855,0.));
#1836 = CARTESIAN_POINT('',(635.70338538012,42.599289060275,0.));
#1837 = CARTESIAN_POINT('',(645.12428028528,41.764501265117,0.));
#1838 = CARTESIAN_POINT('',(654.4892271389,40.921323141793,0.));
#1839 = CARTESIAN_POINT('',(663.79461561129,40.070545554279,0.));
#1840 = CARTESIAN_POINT('',(673.03685832704,39.212950970984,0.));
#1841 = CARTESIAN_POINT('',(682.21239224834,38.349313549153,0.));
#1842 = CARTESIAN_POINT('',(691.31768004889,37.480399278264,0.));
#1843 = CARTESIAN_POINT('',(700.34921147803,36.606966176562,0.));
#1844 = CARTESIAN_POINT('',(709.30350471434,35.729764534576,0.));
#1845 = CARTESIAN_POINT('',(718.17710770834,34.849537199291,0.));
#1846 = CARTESIAN_POINT('',(726.96659951372,33.967019892426,0.));
#1847 = CARTESIAN_POINT('',(735.6685916066,33.082941556185,0.));
#1848 = CARTESIAN_POINT('',(744.2797291923,32.198024719738,0.));
#1849 = CARTESIAN_POINT('',(752.79669249909,31.312985879669,0.));
#1850 = CARTESIAN_POINT('',(761.21619805844,30.428535887674,0.));
#1851 = CARTESIAN_POINT('',(769.53499997131,29.545380338805,0.));
#1852 = CARTESIAN_POINT('',(777.74989115995,28.664219953727,0.));
#1853 = CARTESIAN_POINT('',(785.85770460468,27.78575094857,0.));
#1854 = CARTESIAN_POINT('',(793.85531456526,26.91066538619,0.));
#1855 = CARTESIAN_POINT('',(801.73963778639,26.039651502875,0.));
#1856 = CARTESIAN_POINT('',(809.5076346867,25.173394004839,0.));
#1857 = CARTESIAN_POINT('',(817.156310531,24.312574329158,0.));
#1858 = CARTESIAN_POINT('',(824.6827165852,23.457870864152,0.));
#1859 = CARTESIAN_POINT('',(832.08395125342,22.609959124637,0.));
#1860 = CARTESIAN_POINT('',(839.35716119702,21.769511877858,0.));
#1861 = CARTESIAN_POINT('',(846.49954243492,20.937199216395,0.));
#1862 = CARTESIAN_POINT('',(853.50834142492,20.113688574762,0.));
#1863 = CARTESIAN_POINT('',(860.3808561255,19.299644686975,0.));
#1864 = CARTESIAN_POINT('',(867.11443703781,18.495729482797,0.));
#1865 = CARTESIAN_POINT('',(873.70648822732,17.702601920955,0.));
#1866 = CARTESIAN_POINT('',(880.15446832485,16.920917758104,0.));
#1867 = CARTESIAN_POINT('',(886.45589150647,16.151329252895,0.));
#1868 = CARTESIAN_POINT('',(892.60832845201,15.394484804992,0.));
#1869 = CARTESIAN_POINT('',(898.6094072817,14.651028529467,0.));
#1870 = CARTESIAN_POINT('',(904.45681447072,13.921599767487,0.));
#1871 = CARTESIAN_POINT('',(910.14829574114,13.206832534775,0.));
#1872 = CARTESIAN_POINT('',(915.681656931,12.50735490979,0.));
#1873 = CARTESIAN_POINT('',(921.0547648402,11.823788364104,0.));
#1874 = CARTESIAN_POINT('',(926.26554805286,11.156747037887,0.));
#1875 = CARTESIAN_POINT('',(931.31199773578,10.5068369639,0.));
#1876 = CARTESIAN_POINT('',(936.1921684128,9.874655243796,0.));
#1877 = CARTESIAN_POINT('',(940.90417871464,9.260789180931,0.));
#1878 = CARTESIAN_POINT('',(945.44621210404,8.665815374254,0.));
#1879 = CARTESIAN_POINT('',(949.81651757584,8.090298778182,0.));
#1880 = CARTESIAN_POINT('',(954.0134103318,7.534791733651,0.));
#1881 = CARTESIAN_POINT('',(958.03527242981,6.999832975794,0.));
#1882 = CARTESIAN_POINT('',(961.88055340738,6.485946623944,0.));
#1883 = CARTESIAN_POINT('',(965.54777087904,5.993641159779,0.));
#1884 = CARTESIAN_POINT('',(969.03551110744,5.523408399639,0.));
#1885 = CARTESIAN_POINT('',(972.34242954806,5.075722467069,0.));
#1886 = CARTESIAN_POINT('',(975.46725136716,4.651038771755,0.));
#1887 = CARTESIAN_POINT('',(978.40877193287,4.249793000971,0.));
#1888 = CARTESIAN_POINT('',(981.16585727919,3.872400129672,0.));
#1889 = CARTESIAN_POINT('',(983.73744454276,3.519253455252,0.));
#1890 = CARTESIAN_POINT('',(986.12254237223,3.190723662888,0.));
#1891 = CARTESIAN_POINT('',(988.32023131003,2.887157927226,0.));
#1892 = CARTESIAN_POINT('',(990.32966414651,2.608879055947,0.));
#1893 = CARTESIAN_POINT('',(992.15006624608,2.35618468054,0.));
#1894 = CARTESIAN_POINT('',(993.78073584561,2.129346499302,0.));
#1895 = CARTESIAN_POINT('',(995.22104432455,1.928609577306,0.));
#1896 = CARTESIAN_POINT('',(996.47043644704,1.754191707686,0.));
#1897 = CARTESIAN_POINT('',(997.5284305756,1.606282838272,0.));
#1898 = CARTESIAN_POINT('',(998.39461885666,1.485044567151,0.));
#1899 = CARTESIAN_POINT('',(999.06866737748,1.390609710333,0.));
#1900 = CARTESIAN_POINT('',(999.55031629477,1.323081944252,0.));
#1901 = CARTESIAN_POINT('',(999.8393799347,1.282535525335,0.));
#1902 = CARTESIAN_POINT('',(999.96787345069,1.264507676133,-0.));
#1903 = CARTESIAN_POINT('',(1.E+03,1.26,0.));
#1904 = PCURVE('',#72,#1905);
#1905 = DEFINITIONAL_REPRESENTATION('',(#1906),#2070);
#1906 = B_SPLINE_CURVE_WITH_KNOTS('',3,(#1907,#1908,#1909,#1910,#1911,
    #1912,#1913,#1914,#1915,#1916,#1917,#1918,#1919,#1920,#1921,#1922,
    #1923,#1924,#1925,#1926,#1927,#1928,#1929,#1930,#1931,#1932,#1933,
    #1934,#1935,#1936,#1937,#1938,#1939,#1940,#1941,#1942,#1943,#1944,
    #1945,#1946,#1947,#1948,#1949,#1950,#1951,#1952,#1953,#1954,#1955,
    #1956,#1957,#1958,#1959,#1960,#1961,#1962,#1963,#1964,#1965,#1966,
    #1967,#1968,#1969,#1970,#1971,#1972,#1973,#1974,#1975,#1976,#1977,
    #1978,#1979,#1980,#1981,#1982,#1983,#1984,#1985,#1986,#1987,#1988,
    #1989,#1990,#1991,#1992,#1993,#1994,#1995,#1996,#1997,#1998,#1999,
    #2000,#2001,#2002,#2003,#2004,#2005,#2006,#2007,#2008,#2009,#2010,
    #2011,#2012,#2013,#2014,#2015,#2016,#2017,#2018,#2019,#2020,#2021,
    #2022,#2023,#2024,#2025,#2026,#2027,#2028,#2029,#2030,#2031,#2032,
    #2033,#2034,#2035,#2036,#2037,#2038,#2039,#2040,#2041,#2042,#2043,
    #2044,#2045,#2046,#2047,#2048,#2049,#2050,#2051,#2052,#2053,#2054,
    #2055,#2056,#2057,#2058,#2059,#2060,#2061,#2062,#2063,#2064,#2065,
    #2066,#2067,#2068,#2069),.UNSPECIFIED.,.F.,.F.,(4,1,1,1,1,1,1,1,1,1,
    1,1,1,1,1,1,1,1,1,1,1,1,1,1,1,1,1,1,1,1,1,1,1,1,1,1,1,1,1,1,1,1,1,1,
    1,1,1,1,1,1,1,1,1,1,1,1,1,1,1,1,1,1,1,1,1,1,1,1,1,1,1,1,1,1,1,1,1,1,
    1,1,1,1,1,1,1,1,1,1,1,1,1,1,1,1,1,1,1,1,1,1,1,1,1,1,1,1,1,1,1,1,1,1,
    1,1,1,1,1,1,1,1,1,1,1,1,1,1,1,1,1,1,1,1,1,1,1,1,1,1,1,1,1,1,1,1,1,1,
    1,1,1,1,1,1,1,1,1,1,1,1,1,1,4),(0.,1.744233823461,3.495070583323,
    5.273364799342,7.098935220263,8.989994827127,10.962801943543,
    13.031528144762,15.208296575545,17.503330166296,19.925155427638,
    22.480822389875,25.176116470512,28.015749854775,31.003527740964,
    34.142489288184,37.435025352801,40.882975991619,44.487710856264,
    48.250195384991,52.171045333094,56.250571786439,60.488818429929,
    64.885592516144,69.440490704405,74.152920714193,79.022119553379,
    84.047168934077,89.227008370813,94.560446361352,100.04616997518,
    105.68275311453,111.46866366459,117.40226971099,123.48184497157,
    129.70557356441,136.07155421367,142.57780397854,149.22226157683,
    156.00279036408,162.91718101967,169.96315398413,177.13836168551,
    184.44039058759,191.86676308811,199.41493929192,207.08231868028,
    214.8662416953,222.76399125599,230.77279422039,238.88982280641,
    247.11219598268,255.4369808391,263.86119394556,272.38180270634,
    280.99572671655,289.69983912601,298.49096801529,307.36589778772,
    316.32137058048,325.35408769732,334.46071106467,343.63786471266,
    352.88213628169,362.19007855498,371.55821101703,380.98302143763,
    390.46096748046,399.98847833541,409.56195637309,419.17777882005,
    428.83229945302,438.52185031001,448.24274341643,457.99127252402,
    467.76371486026,477.55633288615,487.36537605992,497.18708260451,
    507.01768127647,516.85339313416,526.690433303,536.52501273578,
    546.35333996602,556.17162285248,565.97607031316,575.76289404695,
    585.52831024161,595.26854126659,604.97981734943,614.6583782346,
    624.30047482382,633.90237079703,643.46034421311,652.97068908991,
    662.42971696296,671.83375842259,681.17916462906,690.4623088056,
    699.67958770923,708.82742307946,717.90226306475,726.90058362718,
    735.81888992528,744.65371767544,753.40163449227,762.0592412082,
    770.62317317276,779.09010153208,787.45673448895,795.71981854407,
    803.87613971893,811.92252476083,819.85584233058,827.67300417345,
    835.37096627374,842.94672999357,850.39734319631,857.71990135513,
    864.91154864692,871.96947903218,878.89093732101,885.67322022553,
    892.31367739895,898.80971246147,905.158784013,911.35840663291,
    917.4061518665,923.29964919833,929.03658701202,934.61471353634,
    940.03183777716,945.28583043484,950.37462480658,955.29621767294,
    960.04867016805,964.63010863257,969.03872544864,973.27277985571,
    977.33059874657,981.21057744215,984.9111804442,988.43094216464,
    991.76846763021,994.92243316142,997.89158702431,1.000674750054E+03,
    1.003270816247E+03,1.005678753328E+03,1.007897603273E+03,
    1.009926482814E+03,1.011764583896E+03,1.013411174105E+03,
    1.014865597058E+03,1.016127272753E+03,1.017195697881E+03,
    1.018070446099E+03,1.018751168265E+03,1.019237592622E+03,
    1.019529524954E+03,1.019626848686E+03),.UNSPECIFIED.);
#1907 = CARTESIAN_POINT('',(5.E+03,5.E+03));
#1908 = CARTESIAN_POINT('',(4.999999262825E+03,5.000581902264E+03));
#1909 = CARTESIAN_POINT('',(5.000064708111E+03,5.001747261906E+03));
#1910 = CARTESIAN_POINT('',(5.000356070115E+03,5.003484406791E+03));
#1911 = CARTESIAN_POINT('',(5.000842592981E+03,5.005205256796E+03));
#1912 = CARTESIAN_POINT('',(5.001522815969E+03,5.006909272658E+03));
#1913 = CARTESIAN_POINT('',(5.002396044184E+03,5.008595910936E+03));
#1914 = CARTESIAN_POINT('',(5.003461324673E+03,5.010264898802E+03));
#1915 = CARTESIAN_POINT('',(5.004717840198E+03,5.011916057906E+03));
#1916 = CARTESIAN_POINT('',(5.006164831293E+03,5.013549242316E+03));
#1917 = CARTESIAN_POINT('',(5.007801598893E+03,5.01516427E+03));
#1918 = CARTESIAN_POINT('',(5.009627461694E+03,5.016760891948E+03));
#1919 = CARTESIAN_POINT('',(5.01164172509E+03,5.018338780235E+03));
#1920 = CARTESIAN_POINT('',(5.013843655005E+03,5.019897529671E+03));
#1921 = CARTESIAN_POINT('',(5.016232460725E+03,5.021436665338E+03));
#1922 = CARTESIAN_POINT('',(5.018807284179E+03,5.022955652211E+03));
#1923 = CARTESIAN_POINT('',(5.021567194023E+03,5.02445390467E+03));
#1924 = CARTESIAN_POINT('',(5.024511182813E+03,5.025930795077E+03));
#1925 = CARTESIAN_POINT('',(5.027638166065E+03,5.027385661197E+03));
#1926 = CARTESIAN_POINT('',(5.030946982424E+03,5.02881781256E+03));
#1927 = CARTESIAN_POINT('',(5.034436394407E+03,5.030226535939E+03));
#1928 = CARTESIAN_POINT('',(5.038105089453E+03,5.031611100151E+03));
#1929 = CARTESIAN_POINT('',(5.041951681076E+03,5.032970760346E+03));
#1930 = CARTESIAN_POINT('',(5.045974710058E+03,5.034304761922E+03));
#1931 = CARTESIAN_POINT('',(5.050172645608E+03,5.035612344173E+03));
#1932 = CARTESIAN_POINT('',(5.054543886494E+03,5.036892743735E+03));
#1933 = CARTESIAN_POINT('',(5.059086762122E+03,5.038145197879E+03));
#1934 = CARTESIAN_POINT('',(5.063799533581E+03,5.039368947695E+03));
#1935 = CARTESIAN_POINT('',(5.068680394644E+03,5.040563241174E+03));
#1936 = CARTESIAN_POINT('',(5.073727472754E+03,5.041727336207E+03));
#1937 = CARTESIAN_POINT('',(5.078938829979E+03,5.042860503501E+03));
#1938 = CARTESIAN_POINT('',(5.084312463958E+03,5.043962029419E+03));
#1939 = CARTESIAN_POINT('',(5.089846308839E+03,5.045031218733E+03));
#1940 = CARTESIAN_POINT('',(5.095538236215E+03,5.046067397284E+03));
#1941 = CARTESIAN_POINT('',(5.10138605606E+03,5.047069914558E+03));
#1942 = CARTESIAN_POINT('',(5.107387517674E+03,5.048038146146E+03));
#1943 = CARTESIAN_POINT('',(5.113540310628E+03,5.0489714961E+03));
#1944 = CARTESIAN_POINT('',(5.119842065732E+03,5.049869399173E+03));
#1945 = CARTESIAN_POINT('',(5.126290356002E+03,5.050731322929E+03));
#1946 = CARTESIAN_POINT('',(5.132882697645E+03,5.051556769719E+03));
#1947 = CARTESIAN_POINT('',(5.139616551064E+03,5.052345278522E+03));
#1948 = CARTESIAN_POINT('',(5.146489321873E+03,5.053096426639E+03));
#1949 = CARTESIAN_POINT('',(5.153498361925E+03,5.053809831228E+03));
#1950 = CARTESIAN_POINT('',(5.160640970362E+03,5.054485150697E+03));
#1951 = CARTESIAN_POINT('',(5.167914394683E+03,5.055122085926E+03));
#1952 = CARTESIAN_POINT('',(5.175315831819E+03,5.055720381326E+03));
#1953 = CARTESIAN_POINT('',(5.182842429237E+03,5.056279825741E+03));
#1954 = CARTESIAN_POINT('',(5.190491286054E+03,5.056800253173E+03));
#1955 = CARTESIAN_POINT('',(5.198259454164E+03,5.057281543346E+03));
#1956 = CARTESIAN_POINT('',(5.206143939394E+03,5.057723622099E+03));
#1957 = CARTESIAN_POINT('',(5.214141702662E+03,5.058126461612E+03));
#1958 = CARTESIAN_POINT('',(5.222249661162E+03,5.058490080471E+03));
#1959 = CARTESIAN_POINT('',(5.230464689558E+03,5.058814543566E+03));
#1960 = CARTESIAN_POINT('',(5.238783621196E+03,5.059099961834E+03));
#1961 = CARTESIAN_POINT('',(5.247203249332E+03,5.059346491841E+03));
#1962 = CARTESIAN_POINT('',(5.255720328373E+03,5.059554335227E+03));
#1963 = CARTESIAN_POINT('',(5.264331575131E+03,5.059723737989E+03));
#1964 = CARTESIAN_POINT('',(5.273033670096E+03,5.059854989641E+03));
#1965 = CARTESIAN_POINT('',(5.281823258719E+03,5.059948422237E+03));
#1966 = CARTESIAN_POINT('',(5.290696952703E+03,5.060004409265E+03));
#1967 = CARTESIAN_POINT('',(5.299651331318E+03,5.060023364437E+03));
#1968 = CARTESIAN_POINT('',(5.30868294272E+03,5.060005740355E+03));
#1969 = CARTESIAN_POINT('',(5.317788305281E+03,5.059952027094E+03));
#1970 = CARTESIAN_POINT('',(5.326963908937E+03,5.059862750687E+03));
#1971 = CARTESIAN_POINT('',(5.336206216537E+03,5.059738471524E+03));
#1972 = CARTESIAN_POINT('',(5.345511665212E+03,5.059579782695E+03));
#1973 = CARTESIAN_POINT('',(5.35487666775E+03,5.059387308255E+03));
#1974 = CARTESIAN_POINT('',(5.364297613973E+03,5.059161701449E+03));
#1975 = CARTESIAN_POINT('',(5.373770872136E+03,5.058903642892E+03));
#1976 = CARTESIAN_POINT('',(5.383292790325E+03,5.058613838717E+03));
#1977 = CARTESIAN_POINT('',(5.392859697862E+03,5.058293018699E+03));
#1978 = CARTESIAN_POINT('',(5.402467906725E+03,5.057941934377E+03));
#1979 = CARTESIAN_POINT('',(5.412113712966E+03,5.057561357159E+03));
#1980 = CARTESIAN_POINT('',(5.421793398139E+03,5.057152076448E+03));
#1981 = CARTESIAN_POINT('',(5.431503230736E+03,5.056714897775E+03));
#1982 = CARTESIAN_POINT('',(5.441239467622E+03,5.056250640962E+03));
#1983 = CARTESIAN_POINT('',(5.450998355478E+03,5.055760138318E+03));
#1984 = CARTESIAN_POINT('',(5.46077613225E+03,5.055244232876E+03));
#1985 = CARTESIAN_POINT('',(5.470569028597E+03,5.054703776677E+03));
#1986 = CARTESIAN_POINT('',(5.480373269343E+03,5.054139629115E+03));
#1987 = CARTESIAN_POINT('',(5.490185074935E+03,5.053552655343E+03));
#1988 = CARTESIAN_POINT('',(5.500000662896E+03,5.052943724743E+03));
#1989 = CARTESIAN_POINT('',(5.509816249285E+03,5.052313709478E+03));
#1990 = CARTESIAN_POINT('',(5.519628050156E+03,5.05166348312E+03));
#1991 = CARTESIAN_POINT('',(5.529432283014E+03,5.050993919357E+03));
#1992 = CARTESIAN_POINT('',(5.539225168275E+03,5.050305890794E+03));
#1993 = CARTESIAN_POINT('',(5.549002930724E+03,5.049600267837E+03));
#1994 = CARTESIAN_POINT('',(5.558761800965E+03,5.048877917674E+03));
#1995 = CARTESIAN_POINT('',(5.56849801688E+03,5.048139703345E+03));
#1996 = CARTESIAN_POINT('',(5.578207825076E+03,5.04738648291E+03));
#1997 = CARTESIAN_POINT('',(5.587887482335E+03,5.046619108709E+03));
#1998 = CARTESIAN_POINT('',(5.597533257051E+03,5.045838426713E+03));
#1999 = CARTESIAN_POINT('',(5.607141430674E+03,5.045045275979E+03));
#2000 = CARTESIAN_POINT('',(5.616708299144E+03,5.044240488183E+03));
#2001 = CARTESIAN_POINT('',(5.626230174315E+03,5.043424887248E+03));
#2002 = CARTESIAN_POINT('',(5.63570338538E+03,5.04259928906E+03));
#2003 = CARTESIAN_POINT('',(5.645124280285E+03,5.041764501265E+03));
#2004 = CARTESIAN_POINT('',(5.654489227139E+03,5.040921323142E+03));
#2005 = CARTESIAN_POINT('',(5.663794615611E+03,5.040070545554E+03));
#2006 = CARTESIAN_POINT('',(5.673036858327E+03,5.039212950971E+03));
#2007 = CARTESIAN_POINT('',(5.682212392248E+03,5.038349313549E+03));
#2008 = CARTESIAN_POINT('',(5.691317680049E+03,5.037480399278E+03));
#2009 = CARTESIAN_POINT('',(5.700349211478E+03,5.036606966177E+03));
#2010 = CARTESIAN_POINT('',(5.709303504714E+03,5.035729764535E+03));
#2011 = CARTESIAN_POINT('',(5.718177107708E+03,5.034849537199E+03));
#2012 = CARTESIAN_POINT('',(5.726966599514E+03,5.033967019892E+03));
#2013 = CARTESIAN_POINT('',(5.735668591607E+03,5.033082941556E+03));
#2014 = CARTESIAN_POINT('',(5.744279729192E+03,5.03219802472E+03));
#2015 = CARTESIAN_POINT('',(5.752796692499E+03,5.03131298588E+03));
#2016 = CARTESIAN_POINT('',(5.761216198058E+03,5.030428535888E+03));
#2017 = CARTESIAN_POINT('',(5.769534999971E+03,5.029545380339E+03));
#2018 = CARTESIAN_POINT('',(5.77774989116E+03,5.028664219954E+03));
#2019 = CARTESIAN_POINT('',(5.785857704605E+03,5.027785750949E+03));
#2020 = CARTESIAN_POINT('',(5.793855314565E+03,5.026910665386E+03));
#2021 = CARTESIAN_POINT('',(5.801739637786E+03,5.026039651503E+03));
#2022 = CARTESIAN_POINT('',(5.809507634687E+03,5.025173394005E+03));
#2023 = CARTESIAN_POINT('',(5.817156310531E+03,5.024312574329E+03));
#2024 = CARTESIAN_POINT('',(5.824682716585E+03,5.023457870864E+03));
#2025 = CARTESIAN_POINT('',(5.832083951253E+03,5.022609959125E+03));
#2026 = CARTESIAN_POINT('',(5.839357161197E+03,5.021769511878E+03));
#2027 = CARTESIAN_POINT('',(5.846499542435E+03,5.020937199216E+03));
#2028 = CARTESIAN_POINT('',(5.853508341425E+03,5.020113688575E+03));
#2029 = CARTESIAN_POINT('',(5.860380856126E+03,5.019299644687E+03));
#2030 = CARTESIAN_POINT('',(5.867114437038E+03,5.018495729483E+03));
#2031 = CARTESIAN_POINT('',(5.873706488227E+03,5.017702601921E+03));
#2032 = CARTESIAN_POINT('',(5.880154468325E+03,5.016920917758E+03));
#2033 = CARTESIAN_POINT('',(5.886455891506E+03,5.016151329253E+03));
#2034 = CARTESIAN_POINT('',(5.892608328452E+03,5.015394484805E+03));
#2035 = CARTESIAN_POINT('',(5.898609407282E+03,5.014651028529E+03));
#2036 = CARTESIAN_POINT('',(5.904456814471E+03,5.013921599767E+03));
#2037 = CARTESIAN_POINT('',(5.910148295741E+03,5.013206832535E+03));
#2038 = CARTESIAN_POINT('',(5.915681656931E+03,5.01250735491E+03));
#2039 = CARTESIAN_POINT('',(5.92105476484E+03,5.011823788364E+03));
#2040 = CARTESIAN_POINT('',(5.926265548053E+03,5.011156747038E+03));
#2041 = CARTESIAN_POINT('',(5.931311997736E+03,5.010506836964E+03));
#2042 = CARTESIAN_POINT('',(5.936192168413E+03,5.009874655244E+03));
#2043 = CARTESIAN_POINT('',(5.940904178715E+03,5.009260789181E+03));
#2044 = CARTESIAN_POINT('',(5.945446212104E+03,5.008665815374E+03));
#2045 = CARTESIAN_POINT('',(5.949816517576E+03,5.008090298778E+03));
#2046 = CARTESIAN_POINT('',(5.954013410332E+03,5.007534791734E+03));
#2047 = CARTESIAN_POINT('',(5.95803527243E+03,5.006999832976E+03));
#2048 = CARTESIAN_POINT('',(5.961880553407E+03,5.006485946624E+03));
#2049 = CARTESIAN_POINT('',(5.965547770879E+03,5.00599364116E+03));
#2050 = CARTESIAN_POINT('',(5.969035511107E+03,5.0055234084E+03));
#2051 = CARTESIAN_POINT('',(5.972342429548E+03,5.005075722467E+03));
#2052 = CARTESIAN_POINT('',(5.975467251367E+03,5.004651038772E+03));
#2053 = CARTESIAN_POINT('',(5.978408771933E+03,5.004249793001E+03));
#2054 = CARTESIAN_POINT('',(5.981165857279E+03,5.00387240013E+03));
#2055 = CARTESIAN_POINT('',(5.983737444543E+03,5.003519253455E+03));
#2056 = CARTESIAN_POINT('',(5.986122542372E+03,5.003190723663E+03));
#2057 = CARTESIAN_POINT('',(5.98832023131E+03,5.002887157927E+03));
#2058 = CARTESIAN_POINT('',(5.990329664147E+03,5.002608879056E+03));
#2059 = CARTESIAN_POINT('',(5.992150066246E+03,5.002356184681E+03));
#2060 = CARTESIAN_POINT('',(5.993780735846E+03,5.002129346499E+03));
#2061 = CARTESIAN_POINT('',(5.995221044325E+03,5.001928609577E+03));
#2062 = CARTESIAN_POINT('',(5.996470436447E+03,5.001754191708E+03));
#2063 = CARTESIAN_POINT('',(5.997528430576E+03,5.001606282838E+03));
#2064 = CARTESIAN_POINT('',(5.998394618857E+03,5.001485044567E+03));
#2065 = CARTESIAN_POINT('',(5.999068667377E+03,5.00139060971E+03));
#2066 = CARTESIAN_POINT('',(5.999550316295E+03,5.001323081944E+03));
#2067 = CARTESIAN_POINT('',(5.999839379935E+03,5.001282535525E+03));
#2068 = CARTESIAN_POINT('',(5.999967873451E+03,5.001264507676E+03));
#2069 = CARTESIAN_POINT('',(6.E+03,5.00126E+03));
#2070 = ( GEOMETRIC_REPRESENTATION_CONTEXT(2) 
PARAMETRIC_REPRESENTATION_CONTEXT() REPRESENTATION_CONTEXT('2D SPACE',''
  ) );
#2071 = PCURVE('',#1113,#2072);
#2072 = DEFINITIONAL_REPRESENTATION('',(#2073),#2077);
#2073 = LINE('',#2074,#2075);
#2074 = CARTESIAN_POINT('',(0.,0.));
#2075 = VECTOR('',#2076,1.);
#2076 = DIRECTION('',(1.,0.));
#2077 = ( GEOMETRIC_REPRESENTATION_CONTEXT(2) 
PARAMETRIC_REPRESENTATION_CONTEXT() REPRESENTATION_CONTEXT('2D SPACE',''
  ) );
#2078 = ORIENTED_EDGE('',*,*,#2079,.T.);
#2079 = EDGE_CURVE('',#1737,#1392,#2080,.T.);
#2080 = SURFACE_CURVE('',#2081,(#2085,#2092),.PCURVE_S1.);
#2081 = LINE('',#2082,#2083);
#2082 = CARTESIAN_POINT('',(1.E+03,1.26,0.));
#2083 = VECTOR('',#2084,1.);
#2084 = DIRECTION('',(0.,-1.,0.));
#2085 = PCURVE('',#72,#2086);
#2086 = DEFINITIONAL_REPRESENTATION('',(#2087),#2091);
#2087 = LINE('',#2088,#2089);
#2088 = CARTESIAN_POINT('',(6.E+03,5.00126E+03));
#2089 = VECTOR('',#2090,1.);
#2090 = DIRECTION('',(0.,-1.));
#2091 = ( GEOMETRIC_REPRESENTATION_CONTEXT(2) 
PARAMETRIC_REPRESENTATION_CONTEXT() REPRESENTATION_CONTEXT('2D SPACE',''
  ) );
#2092 = PCURVE('',#1301,#2093);
#2093 = DEFINITIONAL_REPRESENTATION('',(#2094),#2098);
#2094 = LINE('',#2095,#2096);
#2095 = CARTESIAN_POINT('',(0.,0.));
#2096 = VECTOR('',#2097,1.);
#2097 = DIRECTION('',(1.,0.));
#2098 = ( GEOMETRIC_REPRESENTATION_CONTEXT(2) 
PARAMETRIC_REPRESENTATION_CONTEXT() REPRESENTATION_CONTEXT('2D SPACE',''
  ) );
#2099 = ADVANCED_FACE('',(#2100),#202,.T.);
#2100 = FACE_BOUND('',#2101,.T.);
#2101 = EDGE_LOOP('',(#2102,#2103,#2104,#2105));
#2102 = ORIENTED_EDGE('',*,*,#188,.F.);
#2103 = ORIENTED_EDGE('',*,*,#1367,.T.);
#2104 = ORIENTED_EDGE('',*,*,#1341,.T.);
#2105 = ORIENTED_EDGE('',*,*,#219,.F.);
#2106 = ADVANCED_FACE('',(#2107),#603,.F.);
#2107 = FACE_BOUND('',#2108,.F.);
#2108 = EDGE_LOOP('',(#2109,#2130,#2131,#2152));
#2109 = ORIENTED_EDGE('',*,*,#2110,.T.);
#2110 = EDGE_CURVE('',#1392,#266,#2111,.T.);
#2111 = SURFACE_CURVE('',#2112,(#2116,#2123),.PCURVE_S1.);
#2112 = LINE('',#2113,#2114);
#2113 = CARTESIAN_POINT('',(1.E+03,-1.26,0.));
#2114 = VECTOR('',#2115,1.);
#2115 = DIRECTION('',(0.,0.,1.));
#2116 = PCURVE('',#603,#2117);
#2117 = DEFINITIONAL_REPRESENTATION('',(#2118),#2122);
#2118 = LINE('',#2119,#2120);
#2119 = CARTESIAN_POINT('',(0.,0.));
#2120 = VECTOR('',#2121,1.);
#2121 = DIRECTION('',(0.,-1.));
#2122 = ( GEOMETRIC_REPRESENTATION_CONTEXT(2) 
PARAMETRIC_REPRESENTATION_CONTEXT() REPRESENTATION_CONTEXT('2D SPACE',''
  ) );
#2123 = PCURVE('',#1301,#2124);
#2124 = DEFINITIONAL_REPRESENTATION('',(#2125),#2129);
#2125 = LINE('',#2126,#2127);
#2126 = CARTESIAN_POINT('',(2.52,0.));
#2127 = VECTOR('',#2128,1.);
#2128 = DIRECTION('',(0.,-1.));
#2129 = ( GEOMETRIC_REPRESENTATION_CONTEXT(2) 
PARAMETRIC_REPRESENTATION_CONTEXT() REPRESENTATION_CONTEXT('2D SPACE',''
  ) );
#2130 = ORIENTED_EDGE('',*,*,#265,.T.);
#2131 = ORIENTED_EDGE('',*,*,#2132,.F.);
#2132 = EDGE_CURVE('',#1394,#268,#2133,.T.);
#2133 = SURFACE_CURVE('',#2134,(#2138,#2145),.PCURVE_S1.);
#2134 = LINE('',#2135,#2136);
#2135 = CARTESIAN_POINT('',(0.,0.,0.));
#2136 = VECTOR('',#2137,1.);
#2137 = DIRECTION('',(0.,0.,1.));
#2138 = PCURVE('',#603,#2139);
#2139 = DEFINITIONAL_REPRESENTATION('',(#2140),#2144);
#2140 = LINE('',#2141,#2142);
#2141 = CARTESIAN_POINT('',(1.019626848686E+03,0.));
#2142 = VECTOR('',#2143,1.);
#2143 = DIRECTION('',(0.,-1.));
#2144 = ( GEOMETRIC_REPRESENTATION_CONTEXT(2) 
PARAMETRIC_REPRESENTATION_CONTEXT() REPRESENTATION_CONTEXT('2D SPACE',''
  ) );
#2145 = PCURVE('',#1113,#2146);
#2146 = DEFINITIONAL_REPRESENTATION('',(#2147),#2151);
#2147 = LINE('',#2148,#2149);
#2148 = CARTESIAN_POINT('',(0.,0.));
#2149 = VECTOR('',#2150,1.);
#2150 = DIRECTION('',(0.,-1.));
#2151 = ( GEOMETRIC_REPRESENTATION_CONTEXT(2) 
PARAMETRIC_REPRESENTATION_CONTEXT() REPRESENTATION_CONTEXT('2D SPACE',''
  ) );
#2152 = ORIENTED_EDGE('',*,*,#1391,.F.);
#2153 = ADVANCED_FACE('',(#2154),#1301,.F.);
#2154 = FACE_BOUND('',#2155,.F.);
#2155 = EDGE_LOOP('',(#2156,#2177,#2178,#2179));
#2156 = ORIENTED_EDGE('',*,*,#2157,.T.);
#2157 = EDGE_CURVE('',#1737,#778,#2158,.T.);
#2158 = SURFACE_CURVE('',#2159,(#2163,#2170),.PCURVE_S1.);
#2159 = LINE('',#2160,#2161);
#2160 = CARTESIAN_POINT('',(1.E+03,1.26,0.));
#2161 = VECTOR('',#2162,1.);
#2162 = DIRECTION('',(0.,0.,1.));
#2163 = PCURVE('',#1301,#2164);
#2164 = DEFINITIONAL_REPRESENTATION('',(#2165),#2169);
#2165 = LINE('',#2166,#2167);
#2166 = CARTESIAN_POINT('',(0.,0.));
#2167 = VECTOR('',#2168,1.);
#2168 = DIRECTION('',(0.,-1.));
#2169 = ( GEOMETRIC_REPRESENTATION_CONTEXT(2) 
PARAMETRIC_REPRESENTATION_CONTEXT() REPRESENTATION_CONTEXT('2D SPACE',''
  ) );
#2170 = PCURVE('',#1113,#2171);
#2171 = DEFINITIONAL_REPRESENTATION('',(#2172),#2176);
#2172 = LINE('',#2173,#2174);
#2173 = CARTESIAN_POINT('',(1.019626848686E+03,0.));
#2174 = VECTOR('',#2175,1.);
#2175 = DIRECTION('',(0.,-1.));
#2176 = ( GEOMETRIC_REPRESENTATION_CONTEXT(2) 
PARAMETRIC_REPRESENTATION_CONTEXT() REPRESENTATION_CONTEXT('2D SPACE',''
  ) );
#2177 = ORIENTED_EDGE('',*,*,#1287,.T.);
#2178 = ORIENTED_EDGE('',*,*,#2110,.F.);
#2179 = ORIENTED_EDGE('',*,*,#2079,.F.);
#2180 = ADVANCED_FACE('',(#2181),#1113,.F.);
#2181 = FACE_BOUND('',#2182,.F.);
#2182 = EDGE_LOOP('',(#2183,#2184,#2185,#2186));
#2183 = ORIENTED_EDGE('',*,*,#2132,.T.);
#2184 = ORIENTED_EDGE('',*,*,#777,.T.);
#2185 = ORIENTED_EDGE('',*,*,#2157,.F.);
#2186 = ORIENTED_EDGE('',*,*,#1736,.F.);
#2187 = ( GEOMETRIC_REPRESENTATION_CONTEXT(3) 
GLOBAL_UNCERTAINTY_ASSIGNED_CONTEXT((#2191)) 
GLOBAL_UNIT_ASSIGNED_CONTEXT((#2188,#2189,#2190)) REPRESENTATION_CONTEXT
('Context #1','3D Context with UNIT and UNCERTAINTY') );
#2188 = ( LENGTH_UNIT() NAMED_UNIT(*) SI_UNIT(.MILLI.,.METRE.) );
#2189 = ( NAMED_UNIT(*) PLANE_ANGLE_UNIT() SI_UNIT($,.RADIAN.) );
#2190 = ( NAMED_UNIT(*) SI_UNIT($,.STERADIAN.) SOLID_ANGLE_UNIT() );
#2191 = UNCERTAINTY_MEASURE_WITH_UNIT(LENGTH_MEASURE(1.E-07),#2188,
  'distance_accuracy_value','confusion accuracy');
#2192 = PRODUCT_RELATED_PRODUCT_CATEGORY('part',$,(#7));
ENDSEC;
END-ISO-10303-21;
